instrumento,inst_id,nome_original,natureza,situacao_cadastro,situacao_operacional,fonte_situacao_operacional,localidade,x,y,profundidade_m,data_corte,ptr_mais_proximo,dist_ptr_m,leituras,fonte_recente,modo_monitoramento,ultima,ultima_leitura_cota_m,dias_sem_leitura,cadencia_mediana_dias,limite_atualizacao_dias,recebimento,cota_atual_representativa_m,n_atual_validas,status_qaqc,motivos,sinais_qaqc,flatline_ativo,pos_flatline_pendente,salto_tipo,salto_data,variacao_ultima_m,ruido_recente,conflitos_temporais,conflito_recente,cota_referencia_12m_m,data_referencia_12m,delta_12m_m,classificacao_12m,cota_referencia_90d_m,data_referencia_90d,delta_90d_m,classificacao_90d,mediana_vizinhos_12m_m,diferenca_vizinhos_12m_m,mediana_vizinhos_90d_m,diferenca_vizinhos_90d_m
0027-INA-113,0027-INA-113,INA_N_113,INA,Ativo,Ativo,HGA do snapshot,Alegria Norte,656482.158000007,7769617.84999974,65.4,2026-08-27,G00-11PTR014,358.1331382206857,785,Automático,Automático,2022-10-30,924.667,1397.0,1.0,5,SEM ATUALIZAÇÃO RECENTE,,0,Sem atualização recente,Sem atualização recente — Não há leitura atual dentro da cadência considerada.,,False,False,,,,,11,False,,,,Sem comparação disponível,,,,Sem comparação disponível,,,,
0029-INA-133,0029-INA-133,INA_S_133,INA,Ativo,Ativo,HGA do snapshot,Alegria Sul,656076.604000021,7767422.7349992,25.15,2026-08-27,G00-11PTR005,806.0179617223845,2018,Automático,Automático,2026-08-20,918.7557622,7.0,1.0,5,SEM ATUALIZAÇÃO RECENTE,,0,Sem atualização recente,Sem atualização recente — Não há leitura atual dentro da cadência considerada.,,False,False,,,,,0,False,917.436137833333,2025-08-25,,Sem comparação disponível,920.235489681818,2026-05-27,,Sem comparação disponível,,,,
0029-INA-134,0029-INA-134,INA_S_134,INA,Ativo,Ativo,HGA do snapshot,Alegria Sul,655963.152000024,7767293.2089992,39.7,2026-08-27,G00-11PTR005,645.6427539350154,1889,Automático,Automático,2026-08-20,920.664453266667,7.0,1.0,5,SEM ATUALIZAÇÃO RECENTE,,0,Sem atualização recente,Sem atualização recente — Não há leitura atual dentro da cadência considerada.,,False,False,,,,,0,False,920.319142583333,2025-08-25,,Sem comparação disponível,921.037655666667,2026-05-27,,Sem comparação disponível,,,,
0029-INA-165,0029-INA-165,,INA,Ativo,Ativo,HGA do snapshot,Alegria Sul,655118.432000039,7765028.04599973,76.55,2026-08-27,G00-11PTR020,758.201409182251,107,Manual,Manual,2026-05-27,1011.458,92.0,7.0,45,SEM ATUALIZAÇÃO RECENTE,,0,Sem atualização recente,Sem atualização recente — Não há leitura atual dentro da cadência considerada.,,False,False,,,,,0,False,1011.548,2025-08-25,,Sem comparação disponível,1011.458,2026-05-27,,Sem comparação disponível,,,,
0029-INA-175,0029-INA-175,,INA,Ativo,Ativo,HGA do snapshot,Alegria Sul,655117.003000006,7765027.89999973,96.44,2026-08-27,G00-11PTR020,759.373812681389,112,Manual,Manual,2026-05-27,1001.844,92.0,7.0,45,SEM ATUALIZAÇÃO RECENTE,,0,Sem atualização recente,Sem atualização recente — Não há leitura atual dentro da cadência considerada.,,False,False,,,,,0,False,1007.854,2025-08-25,,Sem comparação disponível,1001.844,2026-05-27,,Sem comparação disponível,,,,
0029-PZ-165,0029-PZ-165,,Piezometro,Ativo,Ativo,HGA do snapshot,Alegria Sul,655118.432000049,7765028.04599973,81.06,2026-08-27,G00-11PTR020,758.2014091735366,111,Manual,Manual,2026-05-27,1006.348,92.0,7.0,45,SEM ATUALIZAÇÃO RECENTE,,0,Sem atualização recente,Sem atualização recente — Não há leitura atual dentro da cadência considerada.,,False,False,,,,,0,False,1007.898,2025-08-25,,Sem comparação disponível,1006.348,2026-05-27,,Sem comparação disponível,,,,
1226-INA-058,1226-INA-058,INA_G_58,INA,Ativo,Ativo,HGA do snapshot,Cava Germano,657667.985000014,7766094.46999947,192.5,2026-08-27,G00-11PTR005,1983.5436607548647,1509,Automático,Automático,2023-06-26,948.06617,1158.0,1.0,5,SEM ATUALIZAÇÃO RECENTE,,0,Sem atualização recente,Sem atualização recente — Não há leitura atual dentro da cadência considerada.,,False,False,,,,,0,False,,,,Sem comparação disponível,,,,Sem comparação disponível,,,,
30LI009,30LI009,INA_JM_63/1130-INA-063,INA,Ativo,Ativo,HGA do snapshot,Joao Manoel,655297.310000014,7768953.75999947,50.1,2026-08-27,G00-11PTR014,1228.2198580780096,284,Automático,Automático,2026-08-21,1008.37031292917,6.0,1.0,5,SEM ATUALIZAÇÃO RECENTE,,1,Sem atualização recente,Sem atualização recente — Não há leitura atual dentro da cadência considerada.,,False,False,,,,,0,False,,,,Sem comparação disponível,1015.70951595833,2026-05-27,,Sem comparação disponível,,,,
30LI014,30LI014,INA_JM_92/1130-INA-092,INA,Ativo,Ativo,HGA do snapshot,Joao Manoel,656233.340000012,7768634.39999947,55.5,2026-08-27,G00-11PTR009,641.1765813742229,51,Manual,Manual,2017-01-27,955.564,3499.0,15.0,60,SEM ATUALIZAÇÃO RECENTE,,0,Sem atualização recente,Sem atualização recente — Não há leitura atual dentro da cadência considerada.,,False,False,,,,,0,False,,,,Sem comparação disponível,,,,Sem comparação disponível,,,,
30LI018,30LI018,INA_JM_91/1130-INA-091,INA,Ativo,Ativo,HGA do snapshot,Joao Manoel,656446.630000012,7768732.93999946,61.35,2026-08-27,G00-11PTR009,420.59972659052596,50,Manual,Manual,2026-04-10,943.499,139.0,20.0,80,SEM ATUALIZAÇÃO RECENTE,,0,Sem atualização recente,Sem atualização recente — Não há leitura atual dentro da cadência considerada.,,False,False,,,,,0,False,,,,Sem comparação disponível,,,,Sem comparação disponível,,,,
CTHTLCEPZ001,CTHTLCEPZ001,INA_CH_01 / 00CH-INA-001,INA,Ativo,Ativo,Coordenadas.xlsx,Conta Historia,654787.356000007,7761543.17699973,320.0,2026-08-27,G00-11PTR020,3265.6034890370543,0,Histórico,Histórico,,,,,120,SEM ATUALIZAÇÃO RECENTE,,0,Sem atualização recente,Sem atualização recente — Não há leitura atual dentro da cadência considerada.,,False,False,,,,,0,False,,,,Sem comparação disponível,,,,Sem comparação disponível,,,,
CTHTLCEPZ002,CTHTLCEPZ002,INA_CH_02 / 00CH-INA-002,INA,Ativo,Ativo,HGA do snapshot,Conta Historia,654313.500999999,7761542.74999973,204.0,2026-08-27,G00-11PTR020,3439.5594688752903,27,Manual,Manual,2021-05-27,1290.278,1918.0,15.5,62,SEM ATUALIZAÇÃO RECENTE,,0,Sem atualização recente,Sem atualização recente — Não há leitura atual dentro da cadência considerada.,,False,False,,,,,0,False,,,,Sem comparação disponível,,,,Sem comparação disponível,,,,
CTHTLCEPZ003,CTHTLCEPZ003,INA_CH_03 / 00CH-INA-003,INA,Ativo,Ativo,HGA do snapshot,Conta Historia,654700.732000009,7761698.13099973,283.0,2026-08-27,G00-11PTR020,3146.9136838677114,30,Manual,Manual,2021-05-27,1203.753,1918.0,15.5,62,SEM ATUALIZAÇÃO RECENTE,,0,Sem atualização recente,Sem atualização recente — Não há leitura atual dentro da cadência considerada.,,False,False,,,,,0,False,,,,Sem comparação disponível,,,,Sem comparação disponível,,,,
CTHTLCEPZ004,CTHTLCEPZ004,INA_CH_04 / 00CH-INA-004,INA,Ativo,Ativo,HGA do snapshot,Conta Historia,654572.90100001,7762142.86599973,258.9,2026-08-27,G00-11PTR020,2786.1920297722645,29,Manual,Manual,2020-11-23,1263.79,2103.0,15.5,62,SEM ATUALIZAÇÃO RECENTE,,0,Sem atualização recente,Sem atualização recente — Não há leitura atual dentro da cadência considerada.,,False,False,,,,,0,False,,,,Sem comparação disponível,,,,Sem comparação disponível,,,,
0027-INA-034,0027-INA-034,INA_N_34,INA,Ativo,Ativo,HGA do snapshot,Alegria Norte,656064.298000003,7769131.62099973,180.0,2026-08-27,G00-11PTR014,441.506049416701,1976,Automático,Automático,2026-08-27,926.872666666667,0.0,1.0,5,RECEBENDO,,7,Acompanhar,Acompanhar — A série voltou a variar recentemente e ainda aguarda leituras adicionais coerentes.,pos_flatline,False,True,,,,,0,False,927.326290565833,2025-08-23,,Sem comparação disponível,,,,Sem comparação disponível,,,,
0027-INA-042,0027-INA-042,INA_JM_42,INA,Ativo,Ativo,HGA do snapshot,Alegria Norte,657158.759000032,7768982.71499894,60.05,2026-08-27,G00-11PTR010,385.7452170429216,1825,Automático,Automático,2026-08-27,899.645042125,0.0,1.0,5,RECEBENDO,,7,Acompanhar,Acompanhar — A série voltou a variar recentemente e ainda aguarda leituras adicionais coerentes.,pos_flatline,False,True,patamar_confirmado,2026-08-22,0.5982891666659498,,0,False,899.504148083333,2025-08-25,,Sem comparação disponível,,,,Sem comparação disponível,,,,
0027-INA-054,0027-INA-054,INA_N_54,INA,Ativo,Ativo,HGA do snapshot,Alegria Norte,656354.42300001,7769471.13199973,206.0,2026-08-27,G00-11PTR014,249.41601360445148,2321,Automático,Automático,2026-08-27,919.676,0.0,1.0,5,RECEBENDO,,7,Acompanhar,Acompanhar — Leituras consecutivas permaneceram constantes por período prolongado.,flatline,True,False,,,,,0,False,922.438009875,2025-08-25,,Sem comparação disponível,,,,Sem comparação disponível,,,,
0027-INA-085,0027-INA-085,INA_N_85,INA,Ativo,Ativo,HGA do snapshot,Alegria Norte,656900.927000003,7769255.63699973,200.0,2026-08-27,G00-11PTR010,25.479394930798332,2003,Automático,Automático,2026-08-27,907.542368708333,0.0,1.0,5,RECEBENDO,,4,Acompanhar,Acompanhar — A série voltou a variar recentemente e ainda aguarda leituras adicionais coerentes.,pos_flatline,False,True,salto_isolado,2026-08-12,6.805728708332936,,0,False,909.340833458333,2025-08-25,,Sem comparação disponível,915.430265416667,2026-05-27,,Sem comparação disponível,,,,
0027-INA-107,0027-INA-107,INA_N_107,INA,Ativo,Ativo,HGA do snapshot,Alegria Norte,657117.26900001,7770146.74199974,200.0,2026-08-27,G00-11PTR019,316.47963834799293,1846,Automático,Automático,2026-08-27,924.322855525,0.0,1.0,5,RECEBENDO,924.31931025,7,Acompanhar,Acompanhar — Leitura recente distinta do comportamento habitual. A continuidade da série permitirá avaliar sua representatividade.,salto_isolado,False,False,salto_isolado,2026-08-09,-0.19274746666690135,,0,False,928.179556125,2025-08-25,-3.8602458750000324,Tendência de redução da cota,,,,Sem comparação disponível,,,,
0027-INA-136,0027-INA-136,INA_N_136,INA,Ativo,Ativo,HGA do snapshot,Alegria Norte,656702.40500001,7769021.24099973,69.7,2026-08-27,G00-11PTR009,36.659227062311025,2103,Automático,Automático,2026-08-27,912.413370791667,0.0,1.0,5,RECEBENDO,912.443287,7,Acompanhar,Acompanhar — Leitura recente distinta do comportamento habitual. A continuidade da série permitirá avaliar sua representatividade.,salto_isolado,False,False,salto_isolado,2026-08-12,1.3374950833330104,,0,False,914.332224583333,2025-08-25,-1.888937583332904,Tendência de redução da cota,912.936535416667,2026-05-27,-0.49324841666691555,Tendência de redução da cota,,,-0.11068754166700501,-0.38256087499991054
0028-INA-137,0028-INA-137,INA_C_137,INA,Ativo,Ativo,HGA do snapshot,Alegria Centro,655359.405000005,7768693.09699974,150.0,2026-08-27,G00-11PTR014,1261.7926638582862,2024,Automático,Automático,2026-08-27,975.571878333333,0.0,1.0,5,RECEBENDO,,7,Acompanhar,Acompanhar — Mudança recente no comportamento das leituras.,patamar_nao_confirmado | ruido_elevado,False,False,patamar_nao_confirmado,2026-08-26,0.3135849999999891,elevado,0,False,978.004793125,2025-08-25,,Sem comparação disponível,976.708879583333,2026-05-27,,Sem comparação disponível,,,,
0028-INA-139,0028-INA-139,INA_C_139,INA,Ativo,Ativo,HGA do snapshot,Alegria Centro,655565.030000009,7768514.13899973,150.0,2026-08-27,G00-11PTR014,1185.579434376045,2058,Automático,Automático,2026-08-27,969.857022375,0.0,1.0,5,RECEBENDO,969.868683166667,7,Acompanhar,Acompanhar — Leitura recente distinta do comportamento habitual. A continuidade da série permitirá avaliar sua representatividade.,salto_isolado,False,False,salto_isolado,2026-08-13,-0.5176341249999723,,0,False,972.173063583333,2025-08-25,-2.3043804166660493,Tendência de redução da cota,970.207563125,2026-05-27,-0.33887995833299556,Tendência de redução da cota,-1.9987545416669263,-0.30562587499912297,-0.5364704583334401,0.19759050000044454
0029-INA-120,0029-INA-120,INA_S_120,INA,Ativo,Ativo,HGA do snapshot,Alegria Sul,655034.421000013,7765849.25899946,120.0,2026-08-27,G00-11PTR008,1071.9025285454306,1675,Automático,Automático,2026-08-27,956.47327,0.0,1.0,5,RECEBENDO,,7,Acompanhar,Acompanhar — Leituras consecutivas permaneceram constantes por período prolongado.,flatline,True,False,,,,,0,False,956.950320833333,2025-08-25,,Sem comparação disponível,,,,Sem comparação disponível,,,,
0029-INA-154,0029-INA-154,INA_S_154,INA,Ativo,Ativo,HGA do snapshot,Alegria Sul,656003.937000007,7765161.98299973,140.0,2026-08-27,G00-11PTR016,340.5956955919739,1923,Automático,Automático,2026-08-27,967.280432916667,0.0,1.0,5,RECEBENDO,,3,Acompanhar,Acompanhar — Mudança recente no comportamento das leituras.,patamar_nao_confirmado,False,False,patamar_nao_confirmado,2026-08-25,-0.0970200595239703,,0,False,969.216171666667,2025-08-25,,Sem comparação disponível,967.93283625,2026-05-30,,Sem comparação disponível,,,,
0029-PZ-096B,0029-PZ-096B,INA_S_96B,Piezometro,Ativo,Ativo,HGA do snapshot,Alegria Sul,654862.753000009,7764947.44799973,200.0,2026-08-27,G00-11PTR020,961.2693615689095,1766,Automático,Automático,2026-08-27,1013.73157833333,0.0,1.0,5,RECEBENDO,1013.764337083335,4,Acompanhar,Acompanhar — As leituras recentes apresentam maior oscilação em relação ao comportamento habitual.,ruido_elevado,False,False,,,,elevado,0,False,1019.18532125,2025-08-25,-5.420984166664994,Tendência de redução da cota,1015.26839375,2026-05-28,-1.504056666664951,Tendência de redução da cota,-0.009999999999990905,-5.410984166665003,-0.009999999999990905,-1.4940566666649602
30LI002,30LI002,INA_JM_106/1130-INA-106,INA,Ativo,Ativo,HGA do snapshot,Joao Manoel,656771.07000001,7768935.63999947,80.0,2026-08-27,G00-11PTR009,130.38565871887403,202,Automático,Automático,2026-08-27,923.770516,0.0,1.0,5,RECEBENDO,,7,Acompanhar,Acompanhar — Leituras consecutivas permaneceram constantes por período prolongado.,flatline,True,False,,,,,0,False,,,,Sem comparação disponível,923.758126,2026-05-27,,Sem comparação disponível,,,,
30LI008,30LI008,INA_JM_62/1130-INA-062,INA,Ativo,Ativo,HGA do snapshot,Joao Manoel,655264.79000003,7768808.44999893,50.0,2026-08-27,G00-11PTR014,1302.684611943555,291,Automático,Automático,2026-08-24,1012.134544506,3.0,1.0,5,RECEBENDO,,4,Acompanhar,Acompanhar — Mudança recente no comportamento das leituras.,patamar_nao_confirmado,False,False,patamar_nao_confirmado,2026-08-22,-6.40885676708001,,0,False,,,,Sem comparação disponível,1023.51990375,2026-05-27,,Sem comparação disponível,,,,
30LI010,30LI010,INA_JM_64/1130-INA-064,INA,Ativo,Ativo,HGA do snapshot,Joao Manoel,655315.990000017,7769073.95999947,50.1,2026-08-27,G00-11PTR014,1185.4628765682944,259,Automático,Automático,2026-08-27,1008.478569841,0.0,1.0,5,RECEBENDO,,7,Acompanhar,Acompanhar — Leituras consecutivas permaneceram constantes por período prolongado.,flatline,True,False,,,,,0,False,,,,Sem comparação disponível,1008.48573585,2026-05-27,,Sem comparação disponível,,,,
G00-11PTR009,G00-11PTR009,PTR_N_09,Poco Tubular,Ativo,Ativo,HGA do snapshot,Alegria Norte,656717.650000015,7769054.57999947,265.0,2026-08-27,G00-11PTR009,0.0,2256,Automático,Automático,2026-08-27,959.577,0.0,1.0,5,RECEBENDO,,7,Acompanhar,Acompanhar — Leituras consecutivas permaneceram constantes por período prolongado.,flatline,True,False,,,,,0,False,,,,Contexto operacional,,,,Contexto operacional,,,,
G00-11PTR010,G00-11PTR010,PTR_N_10,Poco Tubular,Ativo,Ativo,HGA do snapshot,Alegria Norte,656911.520000008,7769278.80999947,265.0,2026-08-27,G00-11PTR010,0.0,2390,Automático,Automático,2026-08-27,982.033,0.0,1.0,5,RECEBENDO,,7,Acompanhar,Acompanhar — Leituras consecutivas permaneceram constantes por período prolongado.,flatline,True,False,,,,,0,False,,,,Contexto operacional,,,,Contexto operacional,,,,
G00-11PTR011,G00-11PTR011,PTR_N_11,Poco Tubular,Ativo,Ativo,HGA do snapshot,Alegria Norte,657019.870000018,7769531.24999947,210.0,2026-08-27,G00-11PTR011,0.0,2316,Automático,Automático,2026-08-27,1040.36,0.0,1.0,5,RECEBENDO,,7,Acompanhar,Acompanhar — Leituras consecutivas permaneceram constantes por período prolongado.,flatline,True,False,,,,,0,False,,,,Contexto operacional,,,,Contexto operacional,,,,
G00-11PTR012,G00-11PTR012,PTR_N_12,Poco Tubular,Ativo,Ativo,HGA do snapshot,Alegria Norte,656726.800000018,7769323.81999947,253.0,2026-08-27,G00-11PTR012,0.0,2323,Automático,Automático,2026-08-27,1018.098,0.0,1.0,5,RECEBENDO,,7,Acompanhar,Acompanhar — Leituras consecutivas permaneceram constantes por período prolongado.,flatline,True,False,,,,,0,False,,,,Contexto operacional,,,,Contexto operacional,,,,
G00-11PTR016,G00-11PTR016,G00-11PTR016,Poco Tubular,Ativo,Ativo,HGA do snapshot,Alegria Sul,655950.49600006,7764825.60599787,304.0,2026-08-27,G00-11PTR016,0.0,605,Automático,Automático,2026-08-27,965.709860539754,0.0,1.0,5,RECEBENDO,965.709860539754,7,Acompanhar,Acompanhar — As leituras recentes apresentam maior oscilação em relação ao comportamento habitual.,ruido_elevado,False,False,,,,elevado,0,False,,,,Contexto operacional,,,,Contexto operacional,,,,
0027-INA-018,0027-INA-018,INA_N_18,INA,Ativo,Ativo,HGA do snapshot,Alegria Norte,656565.264,7769443.61999974,120.0,2026-08-27,G00-11PTR015,175.80849282671758,2564,Automático,Automático,2026-08-27,919.372905541667,0.0,1.0,5,RECEBENDO,919.275734958333,7,Conforme,Conforme — Nenhum sinal recente requer acompanhamento pela rotina automática.,,False,False,,,,,0,False,920.32369925,2025-08-25,-1.0479642916669718,Tendência de redução da cota,,,,Sem comparação disponível,-0.4497316666664801,-0.5982326250004917,,
0027-INA-020,0027-INA-020,INA_N_20,INA,Ativo,Ativo,HGA do snapshot,Alegria Norte,656536.628000008,7769414.00099974,121.0,2026-08-27,G00-11PTR014,162.10098031515406,2365,Automático,Automático,2026-08-27,919.246537833333,0.0,1.0,5,RECEBENDO,919.146161541667,7,Conforme,Conforme — Nenhum sinal recente requer acompanhamento pela rotina automática.,,False,False,,,,,0,False,918.555634125,2025-08-25,0.5905274166669869,Tendência de elevação da cota,,,,Sem comparação disponível,-1.2689775208334595,1.8595049375004464,,
0027-INA-021B,0027-INA-021B,INA_N_21B,INA,Ativo,Ativo,HGA do snapshot,Alegria Norte,656460.080000004,7769379.84599973,122.0,2026-08-27,G00-11PTR014,123.03634517325607,2270,Automático,Automático,2026-08-27,919.672064416667,0.0,1.0,5,RECEBENDO,919.568111625,7,Conforme,Conforme — Nenhum sinal recente requer acompanhamento pela rotina automática.,,False,False,,,,,0,False,921.110094333333,2025-08-25,-1.5419827083329665,Tendência de redução da cota,,,,Sem comparação disponível,-0.22871843749999243,-1.313264270832974,,
0027-INA-051B,0027-INA-051B,INA_N_51B,INA,Ativo,Ativo,HGA do snapshot,Alegria Norte,656662.371000009,7769297.70299973,150.0,2026-08-27,G00-11PTR015,34.81495174594467,2169,Automático,Automático,2026-08-27,915.972017333333,0.0,1.0,5,RECEBENDO,915.605324916667,7,Conforme,Conforme — Nenhum sinal recente requer acompanhamento pela rotina automática.,,False,False,,,,,0,False,914.445943691667,2025-08-25,1.1593812249999473,Tendência de elevação da cota,,,,Sem comparação disponível,-1.0479642916669718,2.207345516666919,,
0027-INA-052,0027-INA-052,INA_N_52A,INA,Ativo,Ativo,HGA do snapshot,Alegria Norte,655228.853000002,7769362.58799973,200.15,2026-08-27,G00-11PTR014,1262.1477686847775,2213,Automático,Automático,2026-08-27,1021.90021375,0.0,1.0,5,RECEBENDO,1021.91945458333,7,Conforme,Conforme — Nenhum sinal recente requer acompanhamento pela rotina automática.,,False,False,,,,,0,False,1023.3868475,2025-08-25,-1.4673929166700646,Tendência de redução da cota,1022.24006083333,2026-05-27,-0.3206062499999689,Tendência de redução da cota,,,,
0027-INA-055,0027-INA-055,INA_N_55,INA,Ativo,Ativo,HGA do snapshot,Alegria Norte,656324.641000002,7769439.76899973,212.0,2026-08-27,G00-11PTR014,242.29065076310914,2487,Automático,Automático,2026-08-27,921.19664875,0.0,1.0,5,RECEBENDO,921.122242333333,7,Conforme,Conforme — Nenhum sinal recente requer acompanhamento pela rotina automática.,,False,False,,,,,0,False,922.612233083333,2025-08-25,-1.4899907499999472,Tendência de redução da cota,,,,Sem comparação disponível,-1.0479642916669718,-0.4420264583329754,,
0027-INA-073,0027-INA-073,INA_N_73,INA,Ativo,Ativo,HGA do snapshot,Alegria Norte,657245.45400001,7769759.35199973,250.0,2026-08-27,G00-11PTR018,37.4985825769542,264,Manual,Manual,2026-08-21,900.865,6.0,14.5,58,RECEBENDO,900.865,1,Conforme,Conforme — Nenhum sinal recente requer acompanhamento pela rotina automática.,,False,False,,,,,0,False,905.115,2025-09-04,-4.25,Tendência de redução da cota,901.075,2026-05-21,-0.21000000000003638,Tendência de redução da cota,,,,
0027-INA-076,0027-INA-076,INA_N_76B,INA,Ativo,Ativo,HGA do snapshot,Alegria Norte,656826.435000005,7769660.62299973,200.0,2026-08-27,G00-11PTR011,232.7111351573304,181,Manual,Manual,2026-06-23,921.535,65.0,18.0,72,RECEBENDO,921.535,1,Conforme,Conforme — Nenhum sinal recente requer acompanhamento pela rotina automática.,,False,False,,,,,0,False,921.805,2025-09-18,-0.2699999999999818,Tendência de redução da cota,922.115,2026-05-21,-0.5800000000000409,Tendência de redução da cota,0.0,-0.2699999999999818,0.0,-0.5800000000000409
0027-INA-115,0027-INA-115,INA_N_115,INA,Ativo,Ativo,HGA do snapshot,Alegria Norte,656280.378,7770252.23699973,300.0,2026-08-27,G00-11PTR013,978.3752557268563,241,Manual,Manual,2026-08-20,1053.719,7.0,15.0,60,RECEBENDO,1053.719,1,Conforme,Conforme — Nenhum sinal recente requer acompanhamento pela rotina automática.,,False,False,,,,,0,False,1054.459,2025-09-04,-0.7400000000000091,Tendência de redução da cota,1053.959,2026-05-21,-0.2400000000000091,Tendência de redução da cota,,,,
0027-INA-130,0027-INA-130,INA_N_130,INA,Ativo,Ativo,HGA do snapshot,Alegria Norte,657060.241000006,7769583.91899973,105.0,2026-08-27,G00-11PTR011,66.3614438388113,220,Manual,Manual,2026-08-20,935.748,7.0,15.0,60,RECEBENDO,935.748,1,Conforme,Conforme — Nenhum sinal recente requer acompanhamento pela rotina automática.,,False,False,,,,,0,False,935.748,2025-09-04,0.0,Comportamento estável,935.748,2026-05-21,0.0,Comportamento estável,-0.2699999999999818,0.2699999999999818,-0.5800000000000409,0.5800000000000409
0027-INA-135,0027-INA-135,INA_N_135,INA,Ativo,Ativo,HGA do snapshot,Alegria Norte,656702.40500001,7769021.24099973,108.1,2026-08-27,G00-11PTR009,36.659227062311025,1930,Automático,Automático,2026-08-27,907.629044083333,0.0,1.0,5,RECEBENDO,907.549934958333,7,Conforme,Conforme — Nenhum sinal recente requer acompanhamento pela rotina automática.,,False,False,,,,,0,False,909.7361375,2025-08-25,-2.1862025416670576,Tendência de redução da cota,907.747062583333,2026-05-27,-0.19712762500000736,Tendência de redução da cota,,,-0.11068754166700501,-0.08644008333300235
0027-INA-155,0027-INA-155,INA_CA_155,INA,Ativo,Ativo,HGA do snapshot,Alegria Norte,654682.718000006,7770805.72099973,470.6,2026-08-27,G00-11PTR014,2375.8707682601125,1836,Automático,Automático,2026-08-27,1051.68760136806,0.0,1.0,5,RECEBENDO,1051.68760136806,7,Conforme,Conforme — Nenhum sinal recente requer acompanhamento pela rotina automática.,,False,False,,,,,0,False,1053.15458431944,2025-08-25,-1.466982951379805,Tendência de redução da cota,1052.06299779861,2026-05-27,-0.37539643054992666,Tendência de redução da cota,1.0664513333399555,-2.5334342847197604,-0.29796213888994316,-0.0774342916599835
0027-INA-156,0027-INA-156,INA_CA_156,INA,Ativo,Ativo,HGA do snapshot,Alegria Norte,654661.877000004,7770749.25999974,450.0,2026-08-27,G00-11PTR014,2355.6331496686853,1977,Automático,Automático,2026-08-27,1112.46625890278,0.0,1.0,5,RECEBENDO,1112.46738709028,7,Conforme,Conforme — Nenhum sinal recente requer acompanhamento pela rotina automática.,,False,False,,,,,0,False,1111.40093575694,2025-08-25,1.0664513333399555,Tendência de elevação da cota,1112.76534922917,2026-05-27,-0.29796213888994316,Tendência de redução da cota,-1.466982951379805,2.5334342847197604,-0.37539643054992666,0.0774342916599835
0028-INA-041,0028-INA-041,INA_C_41,INA,Ativo,Ativo,HGA do snapshot,Alegria Centro,655738.266000006,7768529.16699973,150.5,2026-08-27,G00-11PTR014,1045.971449106104,2188,Automático,Automático,2026-08-27,969.331879625,0.0,1.0,5,RECEBENDO,969.331879625,7,Conforme,Conforme — Nenhum sinal recente requer acompanhamento pela rotina automática.,,False,False,,,,,0,False,971.330634166667,2025-08-25,-1.9987545416669263,Tendência de redução da cota,969.454820541667,2026-05-27,-0.1229409166669484,Tendência de redução da cota,-2.3043804166660493,0.30562587499912297,-0.6444399791664637,0.5214990624995153
0028-INA-059,0028-INA-059,INA_C_59,INA,Ativo,Ativo,HGA do snapshot,Alegria Centro,654905.492000006,7767858.84899974,190.0,2026-08-27,G00-11PTR008,1118.1107084594862,264,Manual,Manual,2026-08-20,950.182,7.0,15.5,62,RECEBENDO,950.182,1,Conforme,Conforme — Nenhum sinal recente requer acompanhamento pela rotina automática.,,False,False,,,,,0,False,950.652,2025-09-02,-0.4700000000000273,Tendência de redução da cota,947.932,2026-05-20,2.25,Tendência de elevação da cota,,,,
0028-INA-060,0028-INA-060,INA_C_60,INA,Ativo,Ativo,HGA do snapshot,Alegria Centro,655003.953000007,7767257.99399973,100.0,2026-08-27,G00-11PTR008,564.641181387086,2002,Automático,Automático,2026-08-27,949.19212125,0.0,1.0,5,RECEBENDO,949.189891666667,7,Conforme,Conforme — Nenhum sinal recente requer acompanhamento pela rotina automática.,,False,False,,,,,0,False,,,,Sem comparação disponível,949.242325,2026-05-27,-0.052433333333056,Comportamento estável,,,-0.0702266666670539,0.017793333333997907
0028-INA-086,0028-INA-086,INA_C_86,INA,Ativo,Ativo,HGA do snapshot,Alegria Centro,654798.060000003,7767560.48699973,215.0,2026-08-27,G00-11PTR008,926.8722143997155,2012,Automático,Automático,2026-08-27,951.8128375,0.0,1.0,5,RECEBENDO,951.807786666667,7,Conforme,Conforme — Nenhum sinal recente requer acompanhamento pela rotina automática.,,False,False,patamar_confirmado,2026-08-19,0.07825750000006337,,0,False,951.626838333333,2025-08-25,0.18094833333395854,Tendência de elevação da cota,951.79856375,2026-05-27,0.009222916666999481,Comportamento estável,0.07886979166698893,0.10207854166696961,-0.10302154166652144,0.11224445833352092
0028-INA-143,0028-INA-143,INA_C_143,INA,Ativo,Ativo,HGA do snapshot,Alegria Centro,655254.837000001,7767323.49899974,90.0,2026-08-27,G00-11PTR008,489.3093804387639,1853,Automático,Automático,2026-08-27,944.838265708333,0.0,1.0,5,RECEBENDO,944.838265708333,7,Conforme,Conforme — Nenhum sinal recente requer acompanhamento pela rotina automática.,,False,False,,,,,0,False,945.065373875,2025-08-27,-0.2271081666669943,Tendência de redução da cota,,,,Sem comparação disponível,-0.29643708333350105,0.06932891666650676,,
0028-INA-144,0028-INA-144,INA_C_144,INA,Ativo,Ativo,HGA do snapshot,Alegria Centro,654702.260000007,7767358.47699974,100.0,2026-08-27,G00-11PTR008,860.3420126253718,1828,Automático,Automático,2026-08-27,951.510061541667,0.0,1.0,5,RECEBENDO,951.511424458333,7,Conforme,Conforme — Nenhum sinal recente requer acompanhamento pela rotina automática.,,False,False,,,,,0,False,951.410105708333,2025-08-25,0.10131874999990487,Tendência de elevação da cota,951.596489625,2026-05-27,-0.08506516666705011,Comportamento estável,0.11868458333401577,-0.017365833334110903,-0.05587749999949665,-0.029187666667553458
0028-INA-145,0028-INA-145,INA_C_145,INA,Ativo,Ativo,HGA do snapshot,Alegria Centro,654852.960000004,7767351.51599973,100.0,2026-08-27,G00-11PTR008,738.4842463199005,2083,Automático,Automático,2026-08-27,950.8348825,0.0,1.0,5,RECEBENDO,950.839816666667,7,Conforme,Conforme — Nenhum sinal recente requer acompanhamento pela rotina automática.,,False,False,,,,,0,False,950.783395833333,2025-08-25,0.056420833334072995,Comportamento estável,950.960794583333,2026-05-27,-0.12097791666599278,Tendência de redução da cota,0.10131874999990487,-0.04489791666583187,-0.0412166666665712,-0.07976124999942158
0028-INA-147,0028-INA-147,INA_C_147,INA,Ativo,Ativo,HGA do snapshot,Alegria Centro,655200.233000003,7767384.50199974,100.0,2026-08-27,G00-11PTR008,564.8555756662914,1936,Automático,Automático,2026-08-27,946.67996375,0.0,1.0,5,RECEBENDO,946.67996375,7,Conforme,Conforme — Nenhum sinal recente requer acompanhamento pela rotina automática.,,False,False,,,,,0,False,947.002837916667,2025-08-25,-0.3228741666670203,Tendência de redução da cota,946.750190416667,2026-05-27,-0.0702266666670539,Comportamento estável,-0.24855408333348805,-0.07432008333353224,-0.0412166666665712,-0.029010000000482705
0028-PM-002,0028-PM-002,INA_PO_C_02,Poco Monitoramento,Ativo,Ativo,HGA do snapshot,Alegria Centro,655015.750000008,7767299.49999973,90.7,2026-08-27,G00-11PTR008,587.060459947549,172,Manual,Manual,2026-08-20,947.66,7.0,15.0,60,RECEBENDO,947.66,1,Conforme,Conforme — Nenhum sinal recente requer acompanhamento pela rotina automática.,,False,False,,,,,0,False,947.93,2025-09-02,-0.2699999999999818,Tendência de redução da cota,947.69,2026-06-08,-0.030000000000086402,Comportamento estável,-0.2271081666669943,-0.04289183333298752,-0.0702266666670539,0.0402266666669675
0029-INA-024,0029-INA-024,INA_S_24,INA,Ativo,Ativo,HGA do snapshot,Alegria Sul,655864.560000003,7766037.53599973,100.6,2026-08-27,G00-11PTR005,645.7440375170529,2258,Automático,Automático,2026-08-27,957.149280416667,0.0,1.0,5,RECEBENDO,957.154982916667,3,Conforme,Conforme — Nenhum sinal recente requer acompanhamento pela rotina automática.,,False,False,,,,,0,False,958.353572083333,2025-08-25,-1.198589166666011,Tendência de redução da cota,957.646339166667,2026-05-27,-0.4913562499999671,Tendência de redução da cota,-0.4399999999999409,-0.75858916666607,-1.2849999999999682,0.7936437500000011
0029-INA-035,0029-INA-035,INA_S_35,INA,Ativo,Ativo,HGA do snapshot,Alegria Sul,655305.527000005,7767145.94099972,100.45,2026-08-27,G00-11PTR008,304.7520644658299,2390,Automático,Automático,2026-08-27,944.524088583333,0.0,1.0,5,RECEBENDO,944.524088583333,7,Conforme,Conforme — Nenhum sinal recente requer acompanhamento pela rotina automática.,,False,False,,,,,0,False,943.293044666667,2025-08-25,1.2310439166659535,Tendência de elevação da cota,944.753997916667,2026-05-23,-0.22990933333403518,Tendência de redução da cota,-1.564590416666988,2.7956343333329414,-0.31615895833351715,0.08624962499948197
0029-INA-036,0029-INA-036,INA_S_36,INA,Ativo,Ativo,HGA do snapshot,Alegria Sul,655777.52200001,7767304.92999973,100.15,2026-08-27,G00-11PTR008,585.518041322589,2485,Automático,Automático,2026-08-27,931.221185166667,0.0,1.0,5,RECEBENDO,931.245879583333,7,Conforme,Conforme — Nenhum sinal recente requer acompanhamento pela rotina automática.,,False,False,,,,,0,False,931.70472875,2025-08-25,-0.458849166666937,Tendência de redução da cota,932.9922014583335,2026-05-16,-1.7463218750004899,Tendência de redução da cota,,,,
0029-INA-048,0029-INA-048,INA_S_48,INA,Ativo,Ativo,HGA do snapshot,Alegria Sul,656006.879000007,7765823.72199973,101.05,2026-08-27,G00-11PTR005,884.6684732157803,1956,Automático,Automático,2026-08-27,959.681187916667,0.0,1.0,5,RECEBENDO,959.699239166667,3,Conforme,Conforme — Nenhum sinal recente requer acompanhamento pela rotina automática.,,False,False,,,,,0,False,960.935052916667,2025-08-25,-1.235813750000034,Tendência de redução da cota,960.37481875,2026-05-27,-0.6755795833330467,Tendência de redução da cota,-0.4399999999999409,-0.795813750000093,-0.4900000000000091,-0.1855795833330376
0029-INA-070,0029-INA-070,INA_S_70,INA,Ativo,Ativo,HGA do snapshot,Alegria Sul,655773.482000007,7766509.34999973,208.0,2026-08-27,G00-11PTR005,167.23866064340535,2107,Automático,Automático,2026-08-27,951.70365525,0.0,1.0,5,RECEBENDO,951.7135156666665,4,Conforme,Conforme — Nenhum sinal recente requer acompanhamento pela rotina automática.,,False,False,,,,,0,False,954.18535875,2025-08-25,-2.4718430833335105,Tendência de redução da cota,952.548654958333,2026-05-29,-0.8351392916665645,Tendência de redução da cota,,,,
0029-INA-078,0029-INA-078,INA_S_78,INA,Ativo,Ativo,HGA do snapshot,Alegria Sul,655187.636999999,7767051.87099973,200.0,2026-08-27,G00-11PTR008,289.2781985519937,1903,Automático,Automático,2026-08-27,947.585564583333,0.0,1.0,5,RECEBENDO,947.591890833333,7,Conforme,Conforme — Nenhum sinal recente requer acompanhamento pela rotina automática.,,False,False,,,,,0,False,949.15648125,2025-08-25,-1.564590416666988,Tendência de redução da cota,947.96420875,2026-05-27,-0.3723179166670434,Tendência de redução da cota,-2.1100414583330007,0.5454510416660128,-0.3642829166665251,-0.008035000000518266
0029-INA-084,0029-INA-084,INA_S_84,INA,Ativo,Ativo,HGA do snapshot,Alegria Sul,655548.507000009,7766744.74099973,260.0,2026-08-27,G00-11PTR008,185.08132134461977,2028,Automático,Automático,2026-08-27,951.567085416667,0.0,1.0,5,RECEBENDO,951.578321666667,7,Conforme,Conforme — Nenhum sinal recente requer acompanhamento pela rotina automática.,,False,False,,,,,0,False,953.28876,2025-08-25,-1.7104383333330588,Tendência de redução da cota,952.1240575,2026-05-27,-0.5457358333330831,Tendência de redução da cota,-2.089754166667035,0.3793158333339761,-0.5617295833339995,0.015993750000916407
0029-INA-097,0029-INA-097,INA_S_97,INA,Ativo,Ativo,HGA do snapshot,Alegria Sul,655652.949000006,7764342.33099973,250.0,2026-08-27,G00-11PTR020,336.6807700891864,1921,Automático,Automático,2026-08-27,993.352472708333,0.0,1.0,5,RECEBENDO,993.3866995625001,4,Conforme,Conforme — Nenhum sinal recente requer acompanhamento pela rotina automática.,,False,False,patamar_confirmado,2026-08-24,-0.31467014705890506,,0,False,1000.19632666667,2025-08-25,-6.809627104169863,Tendência de redução da cota,995.95060875,2026-05-28,-2.5639091874999167,Tendência de redução da cota,-2.090000000000032,-4.719627104169831,0.0,-2.5639091874999167
0029-INA-100,0029-INA-100,INA_S_100,INA,Ativo,Ativo,HGA do snapshot,Alegria Sul,655470.222000008,7767110.50499973,248.9,2026-08-27,G00-11PTR008,263.2394082201526,1911,Automático,Automático,2026-08-27,946.42308,0.0,1.0,5,RECEBENDO,946.4062575,7,Conforme,Conforme — Nenhum sinal recente requer acompanhamento pela rotina automática.,,False,False,patamar_confirmado,2026-08-06,-0.2721729166670457,,0,False,944.85637125,2025-08-25,1.549886249999986,Tendência de elevação da cota,947.28249875,2026-05-27,-0.8762412499999073,Tendência de redução da cota,0.12764799999996512,1.4222382500000208,-0.22990933333403518,-0.6463319166658721
0029-INA-101,0029-INA-101,INA_S_101,INA,Ativo,Ativo,HGA do snapshot,Alegria Sul,655470.222000008,7767110.50499973,187.9,2026-08-27,G00-11PTR008,263.2394082201526,275,Manual,Manual,2026-08-18,944.483,9.0,14.5,58,RECEBENDO,944.483,1,Conforme,Conforme — Nenhum sinal recente requer acompanhamento pela rotina automática.,,False,False,,,,,0,False,948.683,2025-09-02,-4.2000000000000455,Tendência de redução da cota,944.643,2026-06-03,-0.16000000000008185,Tendência de redução da cota,0.12764799999996512,-4.327648000000011,-0.22990933333403518,0.06990933333395333
0029-INA-102,0029-INA-102,INA_S_102,INA,Ativo,Ativo,HGA do snapshot,Alegria Sul,655959.337000003,7765391.86899973,200.0,2026-08-27,G00-11PTR016,566.3320144187729,1632,Automático,Automático,2026-08-27,964.223500833333,0.0,1.0,5,RECEBENDO,964.242770416667,7,Conforme,Conforme — Nenhum sinal recente requer acompanhamento pela rotina automática.,,False,False,,,,,0,False,966.214583333333,2025-08-25,-1.9718129166660674,Tendência de redução da cota,964.877772083333,2026-05-27,-0.6350016666659712,Tendência de redução da cota,-1.5699999999999363,-0.40181291666613106,-0.4350000000000023,-0.20000166666596897
0029-INA-103,0029-INA-103,INA_S_103,INA,Ativo,Ativo,HGA do snapshot,Alegria Sul,655936.356000009,7765431.60299973,200.0,2026-08-27,G00-11PTR016,606.1619468962924,2042,Automático,Automático,2026-08-27,963.932715416667,0.0,1.0,5,RECEBENDO,963.952638333333,7,Conforme,Conforme — Nenhum sinal recente requer acompanhamento pela rotina automática.,,False,False,,,,,0,False,965.765557083333,2025-08-25,-1.8129187499999944,Tendência de redução da cota,964.614704583333,2026-05-27,-0.6620662500000662,Tendência de redução da cota,-1.7259064583330428,-0.08701229166695157,-0.41000000000008185,-0.2520662499999844
0029-INA-104,0029-INA-104,INA_S_104,INA,Ativo,Ativo,HGA do snapshot,Alegria Sul,655983.568000008,7765329.16199973,200.0,2026-08-27,G00-11PTR016,504.64086654812473,2066,Automático,Automático,2026-08-27,968.654324166667,0.0,1.0,5,RECEBENDO,968.657753333333,7,Conforme,Conforme — Nenhum sinal recente requer acompanhamento pela rotina automática.,,False,False,,,,,0,False,,,,Sem comparação disponível,968.70031,2026-05-27,-0.042556666666996534,Comportamento estável,,,-0.6485339583330187,0.6059772916660222
0029-INA-109,0029-INA-109,INA_S_109,INA,Ativo,Ativo,HGA do snapshot,Alegria Sul,654780.060000008,7765009.88899973,32.0,2026-08-27,G00-11PTR020,1059.6028428071877,203,Manual,Manual,2026-08-19,1093.574,8.0,16.0,64,RECEBENDO,1093.574,1,Conforme,Conforme — Nenhum sinal recente requer acompanhamento pela rotina automática.,,False,False,,,,,0,False,1093.584,2025-09-02,-0.009999999999990905,Comportamento estável,1093.584,2026-05-22,-0.009999999999990905,Comportamento estável,0.0,-0.009999999999990905,-0.03999999999996362,0.029999999999972715
0029-INA-110,0029-INA-110,INA_S_110,INA,Ativo,Ativo,HGA do snapshot,Alegria Sul,654834.343000001,7765244.48799973,30.0,2026-08-27,G00-11PTR020,1113.093524467198,213,Manual,Manual,2026-08-18,1100.105,9.0,15.0,60,RECEBENDO,1100.105,1,Conforme,Conforme — Nenhum sinal recente requer acompanhamento pela rotina automática.,,False,False,,,,,0,False,1100.095,2025-09-02,0.009999999999990905,Comportamento estável,1100.085,2026-06-03,0.01999999999998181,Comportamento estável,-0.009999999999990905,0.01999999999998181,-0.009999999999990905,0.029999999999972715
0029-INA-111,0029-INA-111,INA_S_111,INA,Ativo,Ativo,HGA do snapshot,Alegria Sul,654834.343000001,7765244.48799973,9.1,2026-08-27,G00-11PTR020,1113.093524467198,206,Manual,Manual,2026-08-18,1118.875,9.0,15.0,60,RECEBENDO,1118.875,1,Conforme,Conforme — Nenhum sinal recente requer acompanhamento pela rotina automática.,,False,False,,,,,0,False,1118.875,2025-09-02,0.0,Comportamento estável,1118.915,2026-06-03,-0.03999999999996362,Comportamento estável,-0.009999999999990905,0.009999999999990905,-0.009999999999990905,-0.029999999999972715
0029-INA-112,0029-INA-112,INA_S_112,INA,Ativo,Ativo,HGA do snapshot,Alegria Sul,655061.832000003,7765624.30299973,108.0,2026-08-27,G00-11PTR016,1194.839154772843,188,Manual,Manual,2026-08-19,994.182,8.0,18.0,72,RECEBENDO,994.182,1,Conforme,Conforme — Nenhum sinal recente requer acompanhamento pela rotina automática.,,False,False,,,,,0,False,999.512,2025-08-19,-5.329999999999927,Tendência de redução da cota,996.312,2026-06-03,-2.1299999999999955,Tendência de redução da cota,,,,
0029-INA-127,0029-INA-127,INA_S_127,INA,Ativo,Ativo,HGA do snapshot,Alegria Sul,656070.505000007,7765969.43899973,45.0,2026-08-27,G00-11PTR005,767.6490207906076,234,Manual,Manual,2026-08-18,978.817,9.0,14.0,56,RECEBENDO,978.817,1,Conforme,Conforme — Nenhum sinal recente requer acompanhamento pela rotina automática.,,False,False,,,,,0,False,978.247,2025-09-02,0.57000000000005,Tendência de elevação da cota,979.757,2026-06-03,-0.9399999999999409,Tendência de redução da cota,-1.2172014583330224,1.7872014583330724,-0.4900000000000091,-0.4499999999999318
0029-INA-128,0029-INA-128,INA_S_128,INA,Ativo,Ativo,HGA do snapshot,Alegria Sul,656070.505000007,7765969.43899973,60.0,2026-08-27,G00-11PTR005,767.6490207906076,232,Manual,Manual,2026-08-18,964.547,9.0,14.5,58,RECEBENDO,964.547,1,Conforme,Conforme — Nenhum sinal recente requer acompanhamento pela rotina automática.,,False,False,,,,,0,False,965.997,2025-09-02,-1.4499999999999318,Tendência de redução da cota,966.177,2026-06-03,-1.6299999999999955,Tendência de redução da cota,-1.2172014583330224,-0.2327985416669094,-0.4900000000000091,-1.1399999999999864
0029-INA-132,0029-INA-132,INA_S_132,INA,Ativo,Ativo,HGA do snapshot,Alegria Sul,656275.16300002,7767688.41699921,30.65,2026-08-27,G00-11PTR005,1130.136522177567,1840,Automático,Automático,2026-08-27,904.90572625,0.0,1.0,5,RECEBENDO,904.92978,7,Conforme,Conforme — Nenhum sinal recente requer acompanhamento pela rotina automática.,,False,False,,,,,0,False,904.69126875,2025-08-25,0.23851125000010143,Tendência de elevação da cota,906.380608333333,2026-05-27,-1.4508283333329928,Tendência de redução da cota,,,,
0029-INA-138,0029-INA-138,INA_S_138,INA,Ativo,Ativo,HGA do snapshot,Alegria Sul,655468.243000007,7766566.05399973,168.5,2026-08-27,G00-11PTR008,298.1575547812145,1555,Automático,Automático,2026-08-27,951.144156666667,0.0,1.0,5,RECEBENDO,951.153295833333,3,Conforme,Conforme — Nenhum sinal recente requer acompanhamento pela rotina automática.,,False,False,,,,,0,False,953.24305,2025-08-25,-2.089754166667035,Tendência de redução da cota,,,,Sem comparação disponível,-1.7104383333330588,-0.3793158333339761,,
0029-INA-140,0029-INA-140,INA_S_140,INA,Ativo,Ativo,HGA do snapshot,Alegria Sul,655316.490000006,7767092.22199973,100.0,2026-08-27,G00-11PTR008,250.38502169174336,1747,Automático,Automático,2026-08-27,946.203240833333,0.0,1.0,5,RECEBENDO,946.207059166667,7,Conforme,Conforme — Nenhum sinal recente requer acompanhamento pela rotina automática.,,False,False,,,,,0,False,947.182807083333,2025-08-25,-0.9757479166660232,Tendência de redução da cota,946.402688333333,2026-05-27,-0.19562916666598085,Tendência de redução da cota,-1.7899999999999636,0.8142520833339404,-0.42044187500005137,0.22481270833407052
0029-INA-141,0029-INA-141,INA_S_141,INA,Ativo,Ativo,HGA do snapshot,Alegria Sul,655244.979000001,7766703.14499973,150.0,2026-08-27,G00-11PTR008,218.7910203595725,2012,Automático,Automático,2026-08-27,950.661478333333,0.0,1.0,5,RECEBENDO,950.66536625,7,Conforme,Conforme — Nenhum sinal recente requer acompanhamento pela rotina automática.,,False,False,,,,,0,False,951.94677875,2025-08-25,-1.2814124999999876,Tendência de redução da cota,950.988078333333,2026-05-27,-0.3227120833329309,Tendência de redução da cota,-2.590951874999462,1.3095393749994741,-0.4892250000000331,0.16651291666710222
0029-INA-142,0029-INA-142,INA_S_142,INA,Ativo,Ativo,HGA do snapshot,Alegria Sul,655616.825000004,7766933.20799974,120.0,2026-08-27,G00-11PTR008,229.04136383289713,1909,Automático,Automático,2026-08-27,941.769116666667,0.0,1.0,5,RECEBENDO,941.780895833333,7,Conforme,Conforme — Nenhum sinal recente requer acompanhamento pela rotina automática.,,False,False,,,,,0,False,,,,Sem comparação disponível,942.342625416667,2026-05-27,-0.5617295833339995,Tendência de redução da cota,,,-0.5457358333330831,-0.015993750000916407
0029-INA-146,0029-INA-146,INA_S_146,INA,Ativo,Ativo,HGA do snapshot,Alegria Sul,655219.687000004,7766958.88399973,100.0,2026-08-27,G00-11PTR008,208.20841803714222,1835,Automático,Automático,2026-08-27,948.393183333333,0.0,1.0,5,RECEBENDO,948.402320416667,7,Conforme,Conforme — Nenhum sinal recente requer acompanhamento pela rotina automática.,,False,False,,,,,0,False,950.832403333333,2025-08-25,-2.430082916666038,Tendência de redução da cota,948.87088625,2026-05-27,-0.46856583333305935,Tendência de redução da cota,-1.6772952083334758,-0.752787708332562,-0.31615895833351715,-0.1524068749995422
0029-INA-148,0029-INA-148,INA_S_148,INA,Ativo,Ativo,HGA do snapshot,Alegria Sul,654898.580000008,7766354.92499973,150.0,2026-08-27,G00-11PTR008,709.9531196986513,1832,Automático,Automático,2026-08-27,951.376481666667,0.0,1.0,5,RECEBENDO,951.379807083333,7,Conforme,Conforme — Nenhum sinal recente requer acompanhamento pela rotina automática.,,False,False,,,,,0,False,951.714594583333,2025-08-25,-0.3347874999999476,Tendência de redução da cota,951.626827083333,2026-05-27,-0.24701999999990676,Tendência de redução da cota,-0.75,0.4152125000000524,-0.3300000000000409,0.08298000000013417
0029-INA-149,0029-INA-149,INA_S_149,INA,Ativo,Ativo,HGA do snapshot,Alegria Sul,655199.58400001,7766905.47399973,100.0,2026-08-27,G00-11PTR008,207.27739919888705,1792,Automático,Automático,2026-08-27,948.96664625,0.0,1.0,5,RECEBENDO,948.97427875,7,Conforme,Conforme — Nenhum sinal recente requer acompanhamento pela rotina automática.,,False,False,,,,,0,False,951.409033333333,2025-08-25,-2.4347545833329605,Tendência de redução da cota,949.501998333333,2026-05-27,-0.527719583332896,Tendência de redução da cota,-1.6772952083334758,-0.7574593749994847,-0.34751499999998714,-0.1802045833329089
0029-INA-150,0029-INA-150,INA_S_150,INA,Ativo,Ativo,HGA do snapshot,Alegria Sul,655287.369000002,7766894.99099973,130.0,2026-08-27,G00-11PTR008,119.96354739876554,1743,Automático,Automático,2026-08-27,948.685240833333,0.0,1.0,5,RECEBENDO,948.69734125,7,Conforme,Conforme — Nenhum sinal recente requer acompanhamento pela rotina automática.,,False,False,,,,,0,False,951.444490416666,2025-08-25,-2.747149166665963,Tendência de redução da cota,949.18656625,2026-05-27,-0.4892250000000331,Tendência de redução da cota,-1.6772952083334758,-1.0698539583324873,-0.34751499999998714,-0.14171000000004597
0029-INA-151,0029-INA-151,INA_S_151,INA,Ativo,Ativo,HGA do snapshot,Alegria Sul,655283.894000008,7766476.40899974,180.0,2026-08-27,G00-11PTR008,397.75091410713304,1836,Automático,Automático,2026-08-27,952.358998333333,0.0,1.0,5,RECEBENDO,952.371773333333,7,Conforme,Conforme — Nenhum sinal recente requer acompanhamento pela rotina automática.,,False,False,,,,,0,False,,,,Sem comparação disponível,952.8176075,2026-05-27,-0.4458341666670549,Tendência de redução da cota,,,-0.3227120833329309,-0.123122083334124
0029-INA-152,0029-INA-152,INA_S_152,INA,Ativo,Ativo,HGA do snapshot,Alegria Sul,655678.42,7766248.83399974,122.0,2026-08-27,G00-11PTR005,437.81586298197755,1977,Automático,Automático,2026-08-27,955.2087325,0.0,1.0,5,RECEBENDO,955.220560416666,3,Conforme,Conforme — Nenhum sinal recente requer acompanhamento pela rotina automática.,,False,False,,,,,0,False,956.63814375,2025-08-25,-1.4175833333340506,Tendência de redução da cota,955.758682083333,2026-05-28,-0.5381216666670525,Tendência de redução da cota,,,,
0029-INA-153,0029-INA-153,INA_S_153,INA,Ativo,Ativo,HGA do snapshot,Alegria Sul,655278.330000009,7766097.48299974,190.0,2026-08-27,G00-11PTR005,760.8194513728895,2084,Automático,Automático,2026-08-27,953.567485,0.0,1.0,5,RECEBENDO,953.5793425,7,Conforme,Conforme — Nenhum sinal recente requer acompanhamento pela rotina automática.,,False,False,,,,,0,False,954.68519125,2025-08-25,-1.10584874999995,Tendência de redução da cota,953.926319583333,2026-05-27,-0.34697708333294486,Tendência de redução da cota,-0.9099999999999682,-0.19584874999998192,-0.25,-0.09697708333294486
0029-INA-166,0029-INA-166,,INA,Ativo,Ativo,HGA do snapshot,Alegria Sul,655266.042000033,7764530.12299973,116.2,2026-08-27,G00-11PTR020,527.2873475244658,181,Manual,Manual,2026-08-25,1002.848,2.0,7.0,45,RECEBENDO,1002.848,1,Conforme,Conforme — Nenhum sinal recente requer acompanhamento pela rotina automática.,,False,False,,,,,0,False,1013.028,2025-08-25,-10.180000000000064,Tendência de redução da cota,1006.578,2026-05-26,-3.730000000000018,Tendência de redução da cota,-10.080000000000041,-0.10000000000002274,-3.7100000000000364,-0.01999999999998181
0029-INA-170,0029-INA-170,,INA,Ativo,Ativo,HGA do snapshot,Alegria Sul,655640.009000007,7764082.07999973,177.87,2026-08-27,G00-11PTR020,589.1730729169265,179,Manual,Manual,2026-08-26,990.61,1.0,7.0,45,RECEBENDO,990.61,1,Conforme,Conforme — Nenhum sinal recente requer acompanhamento pela rotina automática.,,False,False,,,,,0,False,994.0,2025-08-25,-3.3899999999999864,Tendência de redução da cota,992.5,2026-05-27,-1.8899999999999864,Tendência de redução da cota,,,,
0029-INA-171,0029-INA-171,,INA,Ativo,Ativo,HGA do snapshot,Alegria Sul,656059.040000012,7764854.81899973,132.1,2026-08-27,G00-11PTR016,112.40640285711838,168,Manual,Manual,2026-08-26,989.039,1.0,8.0,45,RECEBENDO,989.039,1,Conforme,Conforme — Nenhum sinal recente requer acompanhamento pela rotina automática.,,False,False,,,,,0,False,996.169,2025-08-25,-7.1299999999999955,Tendência de redução da cota,992.759,2026-05-25,-3.7200000000000273,Tendência de redução da cota,,,,
0029-INA-172,0029-INA-172,,INA,Ativo,Ativo,HGA do snapshot,Alegria Sul,655853.731000006,7765142.16799973,158.96,2026-08-27,G00-11PTR016,331.0210963934334,174,Manual,Manual,2026-08-26,966.976,1.0,7.5,45,RECEBENDO,966.976,1,Conforme,Conforme — Nenhum sinal recente requer acompanhamento pela rotina automática.,,False,False,,,,,0,False,968.976,2025-08-25,-2.0,Tendência de redução da cota,967.656,2026-05-25,-0.67999999999995,Tendência de redução da cota,-7.470000000000027,5.470000000000027,-1.7450000000000045,1.0650000000000546
0029-INA-174,0029-INA-174,,INA,Ativo,Ativo,HGA do snapshot,Alegria Sul,655853.606000004,7765139.13499973,209.75,2026-08-27,G00-11PTR016,328.15866150103193,178,Manual,Manual,2026-08-26,986.29,1.0,7.0,45,RECEBENDO,986.29,1,Conforme,Conforme — Nenhum sinal recente requer acompanhamento pela rotina automática.,,False,False,,,,,0,False,993.76,2025-08-25,-7.470000000000027,Tendência de redução da cota,989.32,2026-05-25,-3.0300000000000864,Tendência de redução da cota,-2.0,-5.470000000000027,-0.5699999999999363,-2.46000000000015
0029-PM-001,0029-PM-001,INA_PO_S_01,Poco Monitoramento,Ativo,Ativo,HGA do snapshot,Alegria Sul,655151.710000011,7766949.46999947,110.0,2026-08-27,G00-11PTR008,266.05140048665095,180,Manual,Manual,2026-08-19,948.748,8.0,15.0,60,RECEBENDO,948.748,1,Conforme,Conforme — Nenhum sinal recente requer acompanhamento pela rotina automática.,,False,False,,,,,0,False,950.538,2025-09-02,-1.7899999999999636,Tendência de redução da cota,949.008,2026-06-18,-0.2599999999999909,Tendência de redução da cota,-1.9973366666665129,0.20733666666654926,-0.42044187500005137,0.16044187500006046
0029-PM-003,0029-PM-003,INA_PO_S_03,Poco Monitoramento,Ativo,Ativo,HGA do snapshot,Alegria Sul,655053.060000007,7766300.76999973,200.0,2026-08-27,G00-11PTR008,655.6915592831045,182,Manual,Manual,2026-08-19,952.348,8.0,16.0,64,RECEBENDO,952.348,1,Conforme,Conforme — Nenhum sinal recente requer acompanhamento pela rotina automática.,,False,False,,,,,0,False,953.098,2025-09-01,-0.75,Tendência de redução da cota,952.678,2026-06-18,-0.3300000000000409,Tendência de redução da cota,-0.3347874999999476,-0.4152125000000524,-0.24701999999990676,-0.08298000000013417
0029-PM-004,0029-PM-004,INA_PO_S_04,Poco Monitoramento,Ativo,Ativo,HGA do snapshot,Alegria Sul,655665.920000002,7764339.62999973,190.0,2026-08-27,G00-11PTR020,334.6091153695693,390,Manual,Manual,2026-08-18,999.073,9.0,8.0,45,RECEBENDO,999.073,1,Conforme,Conforme — Nenhum sinal recente requer acompanhamento pela rotina automática.,,False,False,,,,,0,False,1001.163,2025-08-25,-2.090000000000032,Tendência de redução da cota,999.073,2026-05-26,0.0,Comportamento estável,-6.809627104169863,4.719627104169831,-2.5639091874999167,2.5639091874999167
0029-PM-005,0029-PM-005,INA_PO_S_05,Poco Monitoramento,Ativo,Ativo,HGA do snapshot,Alegria Sul,655126.480000005,7765904.70999973,149.7,2026-08-27,G00-11PTR008,990.6172531862888,143,Manual,Manual,2026-08-19,955.22,8.0,16.0,64,RECEBENDO,955.22,1,Conforme,Conforme — Nenhum sinal recente requer acompanhamento pela rotina automática.,,False,False,,,,,0,False,956.13,2025-09-01,-0.9099999999999682,Tendência de redução da cota,955.47,2026-06-16,-0.25,Tendência de redução da cota,-1.10584874999995,0.19584874999998192,-0.34697708333294486,0.09697708333294486
0029-PM-006,0029-PM-006,INA_PO_S_06,Poco Monitoramento,Ativo,Ativo,HGA do snapshot,Alegria Sul,656007.300000005,7765161.26999973,160.0,2026-08-27,G00-11PTR016,340.43650884543547,329,Manual,Manual,2026-08-26,966.576,1.0,7.0,45,RECEBENDO,966.576,1,Conforme,Conforme — Nenhum sinal recente requer acompanhamento pela rotina automática.,,False,False,,,,,0,False,968.146,2025-08-25,-1.5699999999999363,Tendência de redução da cota,967.036,2026-05-25,-0.4599999999999227,Tendência de redução da cota,-1.9859064583330337,0.41590645833309736,-0.6350016666659712,0.17500166666604855
0029-PM-007,0029-PM-007,INA_PO_S_07,Poco Monitoramento,Ativo,Ativo,HGA do snapshot,Alegria Sul,655953.270000008,7765403.03999973,149.0,2026-08-27,G00-11PTR016,577.440664986462,185,Manual,Manual,2026-08-19,964.838,8.0,16.0,64,RECEBENDO,964.838,1,Conforme,Conforme — Nenhum sinal recente requer acompanhamento pela rotina automática.,,False,False,,,,,0,False,966.318,2025-09-01,-1.4800000000000182,Tendência de redução da cota,965.248,2026-06-16,-0.41000000000008185,Tendência de redução da cota,-1.8129187499999944,0.33291874999997617,-0.547500833332947,0.1375008333328651
0029-PM-008,0029-PM-008,,Poco Monitoramento,Ativo,Ativo,HGA do snapshot,Alegria Sul,655733.418000036,7764942.69399893,113.0,2026-08-27,G00-11PTR016,246.64236879883302,178,Manual,Manual,2026-08-26,988.617,1.0,7.0,45,RECEBENDO,988.617,1,Conforme,Conforme — Nenhum sinal recente requer acompanhamento pela rotina automática.,,False,False,,,,,0,False,997.537,2025-08-25,-8.920000000000073,Tendência de redução da cota,992.287,2026-05-25,-3.6700000000000728,Tendência de redução da cota,-4.735000000000014,-4.185000000000059,-1.8550000000000182,-1.8150000000000546
0029-PM-009,0029-PM-009,,Poco Monitoramento,Ativo,Ativo,HGA do snapshot,Alegria Sul,655764.590000013,7764641.34799946,121.0,2026-08-27,G00-11PTR020,19.248506408351194,142,Manual,Manual,2026-08-25,987.661,2.0,7.0,45,RECEBENDO,987.661,1,Conforme,Conforme — Nenhum sinal recente requer acompanhamento pela rotina automática.,,False,False,,,,,0,False,998.261,2025-08-25,-10.600000000000023,Tendência de redução da cota,990.061,2026-05-26,-2.400000000000091,Tendência de redução da cota,,,,
0029-PM-018,0029-PM-018,,Poco Monitoramento,Ativo,Ativo,HGA do snapshot,Alegria Sul,654926.042000009,7764589.84399973,104.0,2026-08-27,G00-11PTR020,854.8114761732942,23,Manual,Manual,2026-08-19,1007.732,8.0,14.0,56,RECEBENDO,1007.732,1,Conforme,Conforme — Nenhum sinal recente requer acompanhamento pela rotina automática.,,False,False,,,,,0,False,1016.912,2025-08-28,-9.180000000000064,Tendência de redução da cota,1011.382,2026-06-02,-3.6499999999999773,Tendência de redução da cota,-5.870000000000118,-3.3099999999999454,-1.1399999999999864,-2.509999999999991
0029-PZ-108,0029-PZ-108,INA_S_108,Piezometro,Ativo,Ativo,HGA do snapshot,Alegria Sul,654881.971000001,7764558.10799973,200.0,2026-08-27,G00-11PTR020,901.6098870572231,242,Manual,Manual,2026-08-19,1018.463,8.0,15.5,62,RECEBENDO,1018.463,1,Conforme,Conforme — Nenhum sinal recente requer acompanhamento pela rotina automática.,,False,False,,,,,0,False,1024.333,2025-08-18,-5.870000000000118,Tendência de redução da cota,1019.603,2026-06-16,-1.1399999999999864,Tendência de redução da cota,-9.180000000000064,3.3099999999999454,-3.6499999999999773,2.509999999999991
0029-PZ-166,0029-PZ-166,,Piezometro,Ativo,Ativo,HGA do snapshot,Alegria Sul,655266.042000024,7764530.12299973,120.36,2026-08-27,G00-11PTR020,527.2873475331756,190,Manual,Manual,2026-08-25,1002.828,2.0,7.0,45,RECEBENDO,1002.828,1,Conforme,Conforme — Nenhum sinal recente requer acompanhamento pela rotina automática.,,False,False,,,,,0,False,1012.908,2025-08-25,-10.080000000000041,Tendência de redução da cota,1006.538,2026-05-26,-3.7100000000000364,Tendência de redução da cota,-10.180000000000064,0.10000000000002274,-3.730000000000018,0.01999999999998181
1023-PM-014,1023-PM-014,,Poco Monitoramento,Ativo,Ativo,HGA do snapshot,Nova Barragem Santarem,662732.797000026,7761973.33899893,40.0,2026-08-27,G00-11PTR016,7357.651383925622,58,Manual,Manual,2026-08-18,749.125,9.0,15.0,60,RECEBENDO,749.125,1,Conforme,Conforme — Nenhum sinal recente requer acompanhamento pela rotina automática.,,False,False,,,,,0,False,748.465,2025-09-03,0.6599999999999682,Tendência de elevação da cota,749.585,2026-06-04,-0.4600000000000364,Tendência de redução da cota,,,,
1024-PM-010,1024-PM-010,,Poco Monitoramento,Ativo,Ativo,HGA do snapshot,Barragem Germano,657890.989000023,7764152.3179992,50.5,2026-08-27,G00-11PTR016,2053.9790193811987,59,Manual,Manual,2026-08-21,922.705,6.0,11.0,45,RECEBENDO,922.705,1,Conforme,Conforme — Nenhum sinal recente requer acompanhamento pela rotina automática.,,False,False,,,,,0,False,922.03,2025-08-19,0.6750000000000682,Tendência de elevação da cota,923.05,2026-06-02,-0.3449999999999136,Tendência de redução da cota,,,,
1024-PM-011,1024-PM-011,,Poco Monitoramento,Ativo,Ativo,HGA do snapshot,Barragem Germano,660600.290000017,7763790.84099947,101.0,2026-08-27,G00-11PTR016,4763.540998453723,59,Manual,Manual,2026-08-26,828.963,1.0,15.0,60,RECEBENDO,828.963,1,Conforme,Conforme — Nenhum sinal recente requer acompanhamento pela rotina automática.,,False,False,,,,,0,False,829.573,2025-08-21,-0.6100000000000136,Tendência de redução da cota,828.883,2026-05-27,0.07999999999992724,Comportamento estável,,,,
1024-PM-020,1024-PM-020,,Poco Monitoramento,Ativo,Ativo,HGA do snapshot,Barragem Germano,660929.420000018,7763666.23099919,48.7,2026-08-27,G00-11PTR016,5112.126229360962,20,Manual,Manual,2026-08-26,767.337,1.0,15.5,62,RECEBENDO,767.337,1,Conforme,Conforme — Nenhum sinal recente requer acompanhamento pela rotina automática.,,False,False,,,,,0,False,,,,Sem comparação disponível,767.377,2026-05-27,-0.03999999999996362,Comportamento estável,,,,
1226-INA-029,1226-INA-029,INA_G_29,INA,Ativo,Ativo,HGA do snapshot,Cava Germano,657373.281000003,7765484.68999973,162.0,2026-08-27,G00-11PTR016,1568.0270653184946,2585,Automático,Automático,2026-08-27,992.403294441097,0.0,1.0,5,RECEBENDO,992.41647223697,7,Conforme,Conforme — Nenhum sinal recente requer acompanhamento pela rotina automática.,,False,False,,,,,0,False,996.535271316998,2025-09-07,-4.118799080027998,Tendência de redução da cota,993.649542629047,2026-05-27,-1.2330703920770247,Tendência de redução da cota,-0.963649182855761,-3.1551498971722367,0.024056457283961663,-1.2571268493609864
1226-INA-030,1226-INA-030,INA_G_30,INA,Ativo,Ativo,HGA do snapshot,Cava Germano,657370.433000011,7765483.30999973,240.0,2026-08-27,G00-11PTR016,1564.8628175956778,2575,Automático,Automático,2026-08-27,948.739813678957,0.0,1.0,5,RECEBENDO,948.714143932584,7,Conforme,Conforme — Nenhum sinal recente requer acompanhamento pela rotina automática.,,False,False,,,,,0,False,949.0814422982955,2025-09-07,-0.3672983657115765,Tendência de redução da cota,948.556031018016,2026-05-27,0.15811291456793697,Tendência de elevação da cota,-2.8393995400139715,2.472101174302395,-0.6715351960385192,0.8296481106064562
1226-PM-015,1226-PM-015,,Poco Monitoramento,Ativo,Ativo,HGA do snapshot,Cava Germano,657327.448000015,7765436.61899947,115.0,2026-08-27,G00-11PTR016,1506.4307811196127,59,Manual,Manual,2026-08-19,950.941,8.0,14.5,58,RECEBENDO,950.941,1,Conforme,Conforme — Nenhum sinal recente requer acompanhamento pela rotina automática.,,False,False,,,,,0,False,952.501,2025-08-28,-1.5599999999999454,Tendência de redução da cota,951.051,2026-06-03,-0.11000000000001364,Tendência de redução da cota,-2.243048722869787,0.6830487228698416,-0.5374787387545439,0.42747873875453024
1226-PM-016,1226-PM-016,,Poco Monitoramento,Ativo,Ativo,HGA do snapshot,Cava Germano,657650.63100003,7766429.91499892,40.0,2026-08-27,G00-11PTR005,1894.973536163489,50,Manual,Manual,2026-08-20,941.902,7.0,14.5,58,RECEBENDO,941.902,1,Conforme,Conforme — Nenhum sinal recente requer acompanhamento pela rotina automática.,,False,False,,,,,0,False,942.692,2025-08-28,-0.7899999999999636,Tendência de redução da cota,942.112,2026-06-03,-0.2099999999999227,Tendência de redução da cota,,,,
1226-PM-017,1226-PM-017,,Poco Monitoramento,Ativo,Ativo,HGA do snapshot,Cava Germano,657575.967000018,7765950.32999919,100.0,2026-08-27,G00-11PTR005,1944.8726934899478,100,Manual,Manual,2026-08-20,956.173,7.0,15.0,60,RECEBENDO,956.173,1,Conforme,Conforme — Nenhum sinal recente requer acompanhamento pela rotina automática.,,False,False,,,,,0,False,956.493,2025-08-28,-0.32000000000005,Tendência de redução da cota,957.153,2026-06-03,-0.9800000000000182,Tendência de redução da cota,,,,
1226-PM-019,1226-PM-019,,Poco Monitoramento,Ativo,Ativo,HGA do snapshot,Cava Germano,657767.86700001,7766173.87099973,104.0,2026-08-27,G00-11PTR005,2058.416782376717,19,Manual,Manual,2026-08-20,941.534,7.0,15.0,60,RECEBENDO,941.534,1,Conforme,Conforme — Nenhum sinal recente requer acompanhamento pela rotina automática.,,False,False,,,,,0,False,,,,Sem comparação disponível,941.804,2026-06-03,-0.2699999999999818,Tendência de redução da cota,,,,
1226-PZ-158,1226-PZ-158,PZ-BVP-007,Piezometro,Ativo,Ativo,HGA do snapshot,Alegria Sul,656689.440000007,7766093.52999973,80.0,2026-08-27,G00-11PTR005,1087.219930729616,109,Manual,Manual,2026-08-18,1029.4,9.0,13.5,54,RECEBENDO,1029.4,1,Conforme,Conforme — Nenhum sinal recente requer acompanhamento pela rotina automática.,,False,False,,,,,0,False,1027.27,2025-08-29,2.130000000000109,Tendência de elevação da cota,1031.15,2026-05-12,-1.75,Tendência de redução da cota,,,,
1331-INA-161,1331-INA-161,PDER-01,INA,Ativo,Ativo,HGA do snapshot,Alegria Sul,656251.810000057,7766488.54099814,50.0,2026-08-27,G00-11PTR005,515.5457952116619,85,Manual,Manual,2026-08-06,994.263,21.0,17.0,68,RECEBENDO,994.263,1,Conforme,Conforme — Nenhum sinal recente requer acompanhamento pela rotina automática.,,False,False,,,,,0,False,994.193,2025-08-26,0.07000000000005002,Comportamento estável,994.143,2026-05-18,0.12000000000000455,Tendência de elevação da cota,0.09000000000003183,-0.01999999999998181,0.21000000000003638,-0.09000000000003183
1331-INA-161A,1331-INA-161A,PDER-01,INA,Ativo,Ativo,HGA do snapshot,Alegria Sul,656251.810000049,7766488.5409984,28.29,2026-08-27,G00-11PTR005,515.5457951094096,84,Manual,Manual,2026-08-06,994.563,21.0,17.0,68,RECEBENDO,994.563,1,Conforme,Conforme — Nenhum sinal recente requer acompanhamento pela rotina automática.,,False,False,,,,,0,False,994.473,2025-08-26,0.09000000000003183,Comportamento estável,994.353,2026-05-18,0.21000000000003638,Tendência de elevação da cota,0.07000000000005002,0.01999999999998181,0.12000000000000455,0.09000000000003183
1331-INA-162,1331-INA-162,PDER-06,INA,Ativo,Ativo,HGA do snapshot,Alegria Sul,656076.396000039,7766961.38499867,30.0,2026-08-27,G00-11PTR005,417.01893847567743,84,Manual,Manual,2026-08-06,953.757,21.0,19.0,76,RECEBENDO,953.757,1,Conforme,Conforme — Nenhum sinal recente requer acompanhamento pela rotina automática.,,False,False,,,,,0,False,953.397,2025-08-26,0.35999999999989996,Tendência de elevação da cota,954.067,2026-06-18,-0.3100000000000591,Tendência de redução da cota,,,,
1331-INA-163,1331-INA-163,PDER-09,INA,Ativo,Ativo,HGA do snapshot,Alegria Sul,656309.108000025,7765809.2189992,51.0,2026-08-27,G00-11PTR005,1020.3119544387414,74,Manual,Manual,2026-07-22,1000.67,36.0,19.5,78,RECEBENDO,1000.67,1,Conforme,Conforme — Nenhum sinal recente requer acompanhamento pela rotina automática.,,False,False,,,,,0,False,1001.06,2025-08-27,-0.38999999999998636,Tendência de redução da cota,1000.53,2026-06-11,0.13999999999998636,Tendência de elevação da cota,0.06000000000005912,-0.4500000000000455,-0.3550000000000182,0.49500000000000455
1331-INA-163A,1331-INA-163A,PDER-09,INA,Ativo,Ativo,HGA do snapshot,Alegria Sul,656309.108000016,7765809.21899947,32.75,2026-08-27,G00-11PTR005,1020.311954204363,74,Manual,Manual,2026-07-22,1009.24,36.0,19.5,78,RECEBENDO,1009.24,1,Conforme,Conforme — Nenhum sinal recente requer acompanhamento pela rotina automática.,,False,False,,,,,0,False,1009.18,2025-08-27,0.06000000000005912,Comportamento estável,1009.24,2026-06-11,0.0,Comportamento estável,-0.38999999999998636,0.4500000000000455,-0.3550000000000182,0.3550000000000182
1331-INA-164,1331-INA-164,PDER-07,INA,Ativo,Ativo,HGA do snapshot,Alegria Sul,656498.505000022,7766913.5479992,20.0,2026-08-27,G00-11PTR005,764.3841040606045,81,Manual,Manual,2026-08-06,961.533,21.0,18.5,74,RECEBENDO,961.533,1,Conforme,Conforme — Nenhum sinal recente requer acompanhamento pela rotina automática.,,False,False,,,,,0,False,961.253,2025-08-20,0.2799999999999727,Tendência de elevação da cota,962.583,2026-05-12,-1.0499999999999545,Tendência de redução da cota,,,,
1331-INA-167,1331-INA-167,,INA,Ativo,Ativo,HGA do snapshot,Alegria Sul,656598.816000002,7766673.14599973,100.63,2026-08-27,G00-11PTR005,827.0431292463093,64,Manual,Manual,2026-08-17,972.895,10.0,15.0,60,RECEBENDO,972.895,1,Conforme,Conforme — Nenhum sinal recente requer acompanhamento pela rotina automática.,,False,False,,,,,0,False,972.915,2025-08-26,-0.01999999999998181,Comportamento estável,972.795,2026-05-18,0.10000000000002274,Tendência de elevação da cota,-0.8600000000000136,0.8400000000000318,-0.37000000000000455,0.4700000000000273
1331-INA-173,1331-INA-173,,INA,Ativo,Ativo,HGA do snapshot,Alegria Sul,656593.458000006,7766672.85599973,68.74,2026-08-27,G00-11PTR005,821.6864388853953,64,Manual,Manual,2026-08-18,980.865,9.0,15.0,60,RECEBENDO,980.865,1,Conforme,Conforme — Nenhum sinal recente requer acompanhamento pela rotina automática.,,False,False,,,,,0,False,981.725,2025-08-26,-0.8600000000000136,Tendência de redução da cota,981.235,2026-05-18,-0.37000000000000455,Tendência de redução da cota,-0.01999999999998181,-0.8400000000000318,0.10000000000002274,-0.4700000000000273
1336-PM-012,1336-PM-012,,Poco Monitoramento,Ativo,Ativo,HGA do snapshot,Barragem Germano,658696.587000016,7765913.08899947,110.0,2026-08-27,G00-11PTR016,2953.5800410363668,51,Manual,Manual,2026-08-16,948.323,11.0,15.0,60,RECEBENDO,948.323,1,Conforme,Conforme — Nenhum sinal recente requer acompanhamento pela rotina automática.,,False,False,,,,,0,False,948.493,2025-09-04,-0.17000000000007276,Tendência de redução da cota,948.503,2026-05-19,-0.18000000000006366,Tendência de redução da cota,,,,
1336-PM-013,1336-PM-013,,Poco Monitoramento,Ativo,Ativo,HGA do snapshot,Barragem Germano,660740.506000027,7764390.9379992,40.0,2026-08-27,G00-11PTR016,4809.691473353655,60,Manual,Manual,2026-08-16,804.48,11.0,15.0,60,RECEBENDO,804.48,1,Conforme,Conforme — Nenhum sinal recente requer acompanhamento pela rotina automática.,,False,False,,,,,0,False,805.03,2025-09-04,-0.5499999999999545,Tendência de redução da cota,805.72,2026-06-01,-1.240000000000009,Tendência de redução da cota,,,,
30LI004,30LI004,INA_JM_117/1130-INA-117,INA,Ativo,Ativo,HGA do snapshot,Joao Manoel,655483.510000011,7768938.52999947,106.1,2026-08-27,G00-11PTR014,1053.4605882846085,26,Manual,Manual,2026-08-07,1012.516,20.0,18.0,72,RECEBENDO,1012.516,1,Conforme,Conforme — Nenhum sinal recente requer acompanhamento pela rotina automática.,,False,False,,,,,0,False,,,,Sem comparação disponível,1011.446,2026-06-10,1.0699999999999363,Tendência de elevação da cota,,,0.08999999999991815,0.9800000000000182
30LI005,30LI005,INA_JM_118/1130-INA-118,INA,Ativo,Ativo,HGA do snapshot,Joao Manoel,656695.120000009,7769027.42999947,30.85,2026-08-27,G00-11PTR009,35.28063775350812,35,Manual,Manual,2026-08-20,930.073,7.0,14.0,56,RECEBENDO,930.073,1,Conforme,Conforme — Nenhum sinal recente requer acompanhamento pela rotina automática.,,False,False,,,,,0,False,,,,Sem comparação disponível,930.073,2026-05-25,0.0,Comportamento estável,,,-0.22137508333401001,0.22137508333401001
30LI011,30LI011,INA_JM_67/1130-INA-067,INA,Ativo,Ativo,HGA do snapshot,Joao Manoel,655610.510000014,7768653.45999946,50.0,2026-08-27,G00-11PTR014,1065.5867397319173,126,Manual,Manual,2026-08-07,1008.484,20.0,17.0,68,RECEBENDO,1008.484,1,Conforme,Conforme — Nenhum sinal recente requer acompanhamento pela rotina automática.,,False,False,,,,,0,False,,,,Sem comparação disponível,1009.434,2026-06-10,-0.9499999999999318,Tendência de redução da cota,,,-0.0614704583334742,-0.8885295416664576
30LI012 ,30LI012,INA_JM_74/1130-INA-074,INA,Ativo,Ativo,HGA do snapshot,Joao Manoel,655811.410000009,7768865.84999946,240.0,2026-08-27,G00-11PTR014,781.8643752364923,91,Manual,Manual,2026-08-07,955.034,20.0,15.5,62,RECEBENDO,955.034,1,Conforme,Conforme — Nenhum sinal recente requer acompanhamento pela rotina automática.,,False,False,,,,,0,False,,,,Sem comparação disponível,955.014,2026-06-10,0.01999999999998181,Comportamento estável,,,0.04499999999995907,-0.024999999999977263
30LI013,30LI013,INA_JM_90/1130-INA-090,INA,Ativo,Ativo,HGA do snapshot,Joao Manoel,656712.350000017,7768944.02999946,48.0,2026-08-27,G00-11PTR009,110.67697367656653,229,Automático,Automático,2026-08-27,926.602107083334,0.0,1.0,5,RECEBENDO,926.603394833333,7,Conforme,Conforme — Nenhum sinal recente requer acompanhamento pela rotina automática.,,False,False,,,,,0,False,,,,Sem comparação disponível,926.824769916667,2026-05-27,-0.22137508333401001,Tendência de redução da cota,,,-0.19712762500000736,-0.02424745833400266
30LI016,30LI016,INA_JM_95/1130-INA-095,INA,Ativo,Ativo,HGA do snapshot,Joao Manoel,655581.130000012,7768842.32999947,116.5,2026-08-27,G00-11PTR014,997.2373566746649,56,Manual,Manual,2026-08-07,977.093,20.0,16.5,66,RECEBENDO,977.093,1,Conforme,Conforme — Nenhum sinal recente requer acompanhamento pela rotina automática.,,False,False,,,,,0,False,,,,Sem comparação disponível,977.003,2026-06-10,0.08999999999991815,Comportamento estável,,,0.009999999999990905,0.07999999999992724
30PI026,30PI026,INA_JM_94/1130-INA-094,INA,Ativo,Ativo,HGA do snapshot,Joao Manoel,655816.040000011,7768780.73999947,79.3,2026-08-27,G00-11PTR014,824.2402859706,54,Manual,Manual,2026-07-02,962.262,56.0,15.5,62,RECEBENDO,962.262,1,Conforme,Conforme — Nenhum sinal recente requer acompanhamento pela rotina automática.,,False,False,,,,,0,False,,,,Sem comparação disponível,962.262,2026-06-10,0.0,Comportamento estável,,,0.01999999999998181,-0.01999999999998181
31LI200,31LI200,INA_PS_125/0029-INA-125,INA,Ativo,Ativo,HGA do snapshot,PDER Alegria Sul,656155.599000019,7765811.6609992,7.6,2026-08-27,G00-11PTR005,946.2567842697048,19,Manual,Manual,2026-08-27,995.509,0.0,15.0,60,RECEBENDO,995.509,1,Conforme,Conforme — Nenhum sinal recente requer acompanhamento pela rotina automática.,,False,False,,,,,0,False,,,,Sem comparação disponível,995.869,2026-05-23,-0.36000000000001364,Tendência de redução da cota,,,-0.4900000000000091,0.12999999999999545
31LI201,31LI201,INA_PS_124/0029-INA-124,INA,Ativo,Ativo,HGA do snapshot,PDER Alegria Sul,656135.329000027,7765783.8569992,16.75,2026-08-27,G00-11PTR005,963.9098664321574,18,Manual,Manual,2026-08-27,997.807,0.0,15.0,60,RECEBENDO,997.807,1,Conforme,Conforme — Nenhum sinal recente requer acompanhamento pela rotina automática.,,False,False,,,,,0,False,,,,Sem comparação disponível,998.297,2026-05-22,-0.4900000000000091,Tendência de redução da cota,,,-0.36000000000001364,-0.12999999999999545
31LI202,31LI202,INA_PS_126/0029-INA-126,INA,Ativo,Ativo,HGA do snapshot,PDER Alegria Sul,656199.431000017,7765775.7209992,18.5,2026-08-27,G00-11PTR016,982.1848858316737,17,Manual,Manual,2026-08-27,1008.173,0.0,15.5,62,RECEBENDO,1008.173,1,Conforme,Conforme — Nenhum sinal recente requer acompanhamento pela rotina automática.,,False,False,,,,,0,False,,,,Sem comparação disponível,1008.523,2026-05-22,-0.35000000000002274,Tendência de redução da cota,,,-0.4900000000000091,0.13999999999998636
G00-11PTR005,G00-11PTR005,PTR_S_05,Poco Tubular,Ativo,Ativo,HGA do snapshot,Alegria Sul,655771.780000012,7766676.57999946,200.0,2026-08-27,G00-11PTR005,0.0,2920,Automático,Automático,2026-08-27,895.357807118734,0.0,1.0,5,RECEBENDO,895.357391723633,7,Conforme,Conforme — Nenhum sinal recente requer acompanhamento pela rotina automática.,,False,False,,,,,0,False,,,,Contexto operacional,,,,Contexto operacional,,,,
G00-11PTR008,G00-11PTR008,PTR_S_08,Poco Tubular,Ativo,Ativo,HGA do snapshot,Alegria Sul,655401.000000013,7766856.52999947,200.0,2026-08-27,G00-11PTR008,0.0,2536,Automático,Automático,2026-08-27,872.518103947957,0.0,1.0,5,RECEBENDO,872.595614145915,7,Conforme,Conforme — Nenhum sinal recente requer acompanhamento pela rotina automática.,,False,False,,,,,0,False,,,,Contexto operacional,,,,Contexto operacional,,,,
G00-11PTR013,G00-11PTR013,PTR_N_13,Poco Tubular,Ativo,Ativo,HGA do snapshot,Alegria Norte,657117.170000041,7769745.28799866,287.0,2026-08-27,G00-11PTR013,0.0,870,Automático,Automático,2026-08-27,906.696249040876,0.0,1.0,5,RECEBENDO,878.227843907674,7,Conforme,Conforme — Nenhum sinal recente requer acompanhamento pela rotina automática.,,False,False,,,,,0,False,,,,Contexto operacional,,,,Contexto operacional,,,,
G00-11PTR014,G00-11PTR014,PTR_N_14,Poco Tubular,Ativo,Ativo,HGA do snapshot,Alegria Norte,656486.80400004,7769259.74699867,263.0,2026-08-27,G00-11PTR014,0.0,1018,Automático,Automático,2026-08-27,856.184117776622,0.0,1.0,5,RECEBENDO,850.2600545778134,4,Conforme,Conforme — Nenhum sinal recente requer acompanhamento pela rotina automática.,,False,False,,,,,0,False,,,,Contexto operacional,,,,Contexto operacional,,,,
G00-11PTR015,G00-11PTR015,G00-11PTR015,Poco Tubular,Ativo,Ativo,HGA do snapshot,Alegria Norte,656631.870000065,7769280.9169976,264.0,2026-08-27,G00-11PTR015,0.0,623,Automático,Automático,2026-08-25,914.418788208008,2.0,1.0,5,RECEBENDO,913.897910242717,5,Conforme,Conforme — Nenhum sinal recente requer acompanhamento pela rotina automática.,,False,False,,,,,0,False,,,,Contexto operacional,,,,Contexto operacional,,,,
G00-11PTR018,G00-11PTR018,G00-11PTR018,Poco Tubular,Ativo,Ativo,HGA do snapshot,Alegria Norte,657222.05200005,7769730.05199814,269.5,2026-08-27,G00-11PTR018,0.0,472,Automático,Automático,2026-08-27,829.581914556089,0.0,1.0,5,RECEBENDO,829.575499313354,7,Conforme,Conforme — Nenhum sinal recente requer acompanhamento pela rotina automática.,,False,False,,,,,0,False,,,,Contexto operacional,,,,Contexto operacional,,,,
G00-11PTR019,G00-11PTR019,G00-11PTR019,Poco Tubular,Ativo,Ativo,HGA do snapshot,Alegria Norte,657272.700000038,7769871.05999866,293.0,2026-08-27,G00-11PTR019,0.0,565,Automático,Automático,2026-08-27,882.392609889818,0.0,1.0,5,RECEBENDO,848.507916730245,7,Conforme,Conforme — Nenhum sinal recente requer acompanhamento pela rotina automática.,,False,False,,,,,0,False,,,,Contexto operacional,,,,Contexto operacional,,,,
G00-11PTR020,G00-11PTR020,G00-11PTR020,Poco Tubular,Ativo,Ativo,HGA do snapshot,Alegria Sul,655778.38400009,7764654.77299707,284.0,2026-08-27,G00-11PTR020,0.0,88931,Automático,Automático,2026-08-27,1046.92418268333,0.0,1.0,5,RECEBENDO,1048.17594482422,7,Conforme,Conforme — Nenhum sinal recente requer acompanhamento pela rotina automática.,,False,False,,,,,1,False,,,,Contexto operacional,,,,Contexto operacional,,,,
