instrumento,nome_original,natureza,situacao_cadastro,situacao_hga_ultima,data_atualizacao_cadastro,localidade,x,y,profundidade_m,fonte_recente,leituras,primeira,ultima,dias_sem_leitura,cadencia_mediana_dias,recebimento,repeticao_final_n,repeticao_final_dias,repeticao_no_fundo,zero_auto_persistente,outliers_fortes,datas_futuras,na_negativo,inconsistencia_cota,janela_qaqc_dias,ptr_mais_proximo,dist_ptr_m,status_qaqc,score,motivos
0027-INA-042,INA_JM_42,INA,Ativo,Ativo,2020-10-21,Alegria Norte,657158.759000032,7768982.71499894,60.05,Automático,1803,2016-04-25,2026-08-05,1.0,1.0,RECEBENDO,36,35,False,False,0,0,0,0,90,G00-11PTR010,385.7452170429216,PRIORITÁRIO,7,Últimas leituras possivelmente travadas: 36 valores idênticos consecutivos por 35 dias
0027-INA-054,INA_N_54,INA,Ativo,Ativo,2020-10-21,Alegria Norte,656354.42300001,7769471.13199973,206.0,Automático,2296,2014-10-09,2026-08-05,1.0,1.0,RECEBENDO,49,48,False,False,0,0,0,0,90,G00-11PTR014,249.41601360445148,PRIORITÁRIO,7,Últimas leituras possivelmente travadas: 49 valores idênticos consecutivos por 48 dias
0029-INA-120,INA_S_120,INA,Ativo,Ativo,2020-10-21,Alegria Sul,655034.421000013,7765849.25899946,120.0,Automático,1638,2018-09-11,2026-08-05,1.0,1.0,RECEBENDO,36,35,False,False,0,0,0,0,90,G00-11PTR008,1071.9025285454306,PRIORITÁRIO,7,Últimas leituras possivelmente travadas: 36 valores idênticos consecutivos por 35 dias
30LI002,INA_JM_106/1130-INA-106,INA,Ativo,Ativo,2020-10-21,Joao Manoel,656771.07000001,7768935.63999947,80.0,Histórico,22,2016-03-10,2017-01-27,3478.0,14.0,INTERROMPIDO,0,0,False,False,0,0,0,0,180,G00-11PTR009,130.38565871887403,ATENÇÃO,5,Recebimento interrompido (3478 dias sem leitura); confirmar se o instrumento permanece ativo em campo antes de tratar como falha de transmissão
30LI008,INA_JM_62/1130-INA-062,INA,Ativo,Ativo,2020-10-21,Joao Manoel,655264.79000003,7768808.44999893,50.0,Histórico,114,2008-09-30,2017-01-30,3475.0,18.5,INTERROMPIDO,0,0,False,False,0,0,0,0,180,G00-11PTR014,1302.684611943555,ATENÇÃO,5,Recebimento interrompido (3475 dias sem leitura); confirmar se o instrumento permanece ativo em campo antes de tratar como falha de transmissão
30LI009,INA_JM_63/1130-INA-063,INA,Ativo,Ativo,2020-10-21,Joao Manoel,655297.310000014,7768953.75999947,50.1,Histórico,111,2008-09-30,2017-01-30,3475.0,19.0,INTERROMPIDO,0,0,False,False,0,0,0,0,180,G00-11PTR014,1228.2198580780096,ATENÇÃO,5,Recebimento interrompido (3475 dias sem leitura); confirmar se o instrumento permanece ativo em campo antes de tratar como falha de transmissão
30LI010,INA_JM_64/1130-INA-064,INA,Ativo,Ativo,2020-10-21,Joao Manoel,655315.990000017,7769073.95999947,50.1,Histórico,79,2008-09-30,2017-01-30,3475.0,18.0,INTERROMPIDO,0,0,False,False,0,0,0,0,180,G00-11PTR014,1185.4628765682944,ATENÇÃO,5,Recebimento interrompido (3475 dias sem leitura); confirmar se o instrumento permanece ativo em campo antes de tratar como falha de transmissão
30LI011,INA_JM_67/1130-INA-067,INA,Ativo,Ativo,2020-10-21,Joao Manoel,655610.510000014,7768653.45999946,50.0,Histórico,118,2009-06-10,2017-01-27,3478.0,18.0,INTERROMPIDO,0,0,False,False,0,0,0,0,180,G00-11PTR014,1065.5867397319173,ATENÇÃO,5,Recebimento interrompido (3478 dias sem leitura); confirmar se o instrumento permanece ativo em campo antes de tratar como falha de transmissão
30LI012 ,INA_JM_74/1130-INA-074,INA,Ativo,Ativo,2020-10-21,Joao Manoel,655811.410000009,7768865.84999946,240.0,Histórico,86,2011-07-12,2017-01-27,3478.0,16.0,INTERROMPIDO,0,0,False,False,0,0,0,0,180,G00-11PTR014,781.8643752364923,ATENÇÃO,5,Recebimento interrompido (3478 dias sem leitura); confirmar se o instrumento permanece ativo em campo antes de tratar como falha de transmissão
30LI013,INA_JM_90/1130-INA-090,INA,Ativo,Ativo,2020-10-21,Joao Manoel,656712.350000017,7768944.02999946,48.0,Histórico,49,2013-07-29,2017-01-30,3475.0,18.0,INTERROMPIDO,0,0,False,False,0,0,0,0,180,G00-11PTR009,110.67697367656653,ATENÇÃO,5,Recebimento interrompido (3475 dias sem leitura); confirmar se o instrumento permanece ativo em campo antes de tratar como falha de transmissão
30LI014,INA_JM_92/1130-INA-092,INA,Ativo,Ativo,2020-10-21,Joao Manoel,656233.340000012,7768634.39999947,55.5,Histórico,51,2013-08-05,2017-01-27,3478.0,19.0,INTERROMPIDO,0,0,False,False,0,0,0,0,180,G00-11PTR009,641.1765813742229,ATENÇÃO,5,Recebimento interrompido (3478 dias sem leitura); confirmar se o instrumento permanece ativo em campo antes de tratar como falha de transmissão
30LI016,INA_JM_95/1130-INA-095,INA,Ativo,Ativo,2020-10-21,Joao Manoel,655581.130000012,7768842.32999947,116.5,Histórico,51,2013-09-04,2016-12-21,3515.0,17.0,INTERROMPIDO,0,0,False,False,0,0,0,0,180,G00-11PTR014,997.2373566746649,ATENÇÃO,5,Recebimento interrompido (3515 dias sem leitura); confirmar se o instrumento permanece ativo em campo antes de tratar como falha de transmissão
30LI018,INA_JM_91/1130-INA-091,INA,Ativo,Ativo,2020-10-21,Joao Manoel,656446.630000012,7768732.93999946,61.35,Histórico,48,2013-08-05,2017-01-27,3478.0,21.0,INTERROMPIDO,0,0,False,False,0,0,0,0,180,G00-11PTR009,420.59972659052596,ATENÇÃO,5,Recebimento interrompido (3478 dias sem leitura); confirmar se o instrumento permanece ativo em campo antes de tratar como falha de transmissão
30PI026,INA_JM_94/1130-INA-094,INA,Ativo,Ativo,2020-10-21,Joao Manoel,655816.040000011,7768780.73999947,79.3,Histórico,52,2013-08-26,2017-01-27,3478.0,17.0,INTERROMPIDO,0,0,False,False,0,0,0,0,180,G00-11PTR014,824.2402859706,ATENÇÃO,5,Recebimento interrompido (3478 dias sem leitura); confirmar se o instrumento permanece ativo em campo antes de tratar como falha de transmissão
CTHTLCEPZ002,INA_CH_02 / 00CH-INA-002,INA,Ativo,Ativo,2020-10-21,Conta Historia,654313.500999999,7761542.74999973,204.0,Histórico,27,2017-03-31,2021-05-27,1897.0,16.0,INTERROMPIDO,0,0,False,False,0,0,0,0,180,G00-11PTR020,3439.5594688752903,ATENÇÃO,5,Recebimento interrompido (1897 dias sem leitura); confirmar se o instrumento permanece ativo em campo antes de tratar como falha de transmissão
CTHTLCEPZ003,INA_CH_03 / 00CH-INA-003,INA,Ativo,Ativo,2020-10-21,Conta Historia,654700.732000009,7761698.13099973,283.0,Histórico,30,2017-03-31,2021-05-27,1897.0,16.0,INTERROMPIDO,0,0,False,False,0,0,0,0,180,G00-11PTR020,3146.9136838677114,ATENÇÃO,5,Recebimento interrompido (1897 dias sem leitura); confirmar se o instrumento permanece ativo em campo antes de tratar como falha de transmissão
CTHTLCEPZ004,INA_CH_04 / 00CH-INA-004,INA,Ativo,Ativo,2020-10-21,Conta Historia,654572.90100001,7762142.86599973,258.9,Histórico,29,2017-04-20,2020-11-23,2082.0,16.0,INTERROMPIDO,0,0,False,False,0,0,0,0,180,G00-11PTR020,2786.1920297722645,ATENÇÃO,5,Recebimento interrompido (2082 dias sem leitura); confirmar se o instrumento permanece ativo em campo antes de tratar como falha de transmissão
G00-11PTR006,PTR_N_06,Poco Tubular,Ativo,Ativo,2020-10-21,Alegria Norte,656681.480000031,7769562.38999894,200.0,Automático,1991,2019-07-08,2026-05-22,76.0,1.0,INTERROMPIDO,1,0,False,False,0,0,0,0,90,G00-11PTR006,0.0,PRIORITÁRIO,5,Recebimento interrompido (76 dias sem leitura); confirmar se o instrumento permanece ativo em campo antes de tratar como falha de transmissão
0029-PZ-165,,Piezometro,Ativo,Ativo,,Alegria Sul,655118.432000049,7765028.04599973,81.06,Manual,111,2024-03-03,2026-05-27,71.0,7.0,ATRASADO,15,97,True,False,0,0,0,0,180,G00-11PTR020,758.2014091735366,ATENÇÃO,4,Recebimento atrasado (71 dias sem leitura) | Leitura repetida no limite de profundidade (81.06 m ≈ 81.06 m); pode indicar ponto seco
CTHTLCEPZ001,INA_CH_01 / 00CH-INA-001,INA,Ativo,,2020-10-21,Conta Historia,654787.356000007,7761543.17699973,320.0,Histórico,0,,,,,SEM DADOS,0,0,False,False,0,0,0,0,180,G00-11PTR020,3265.6034890370543,ATENÇÃO,4,"Ativo no cadastro, sem leituras encontradas na HGA"
G00-11PTR020,G00-11PTR020,Poco Tubular,Ativo,,,Alegria Sul,655778.38400009,7764654.77299707,284.0,Histórico,0,,,,,SEM DADOS,0,0,False,False,0,0,0,0,180,G00-11PTR020,0.0,ATENÇÃO,4,"Ativo no cadastro, sem leituras encontradas na HGA"
0029-INA-165,,INA,Ativo,Ativo,,Alegria Sul,655118.432000039,7765028.04599973,76.55,Manual,107,2024-03-03,2026-05-27,71.0,7.0,ATRASADO,1,0,False,False,0,0,0,0,180,G00-11PTR020,758.201409182251,ATENÇÃO,3,Recebimento atrasado (71 dias sem leitura)
0029-INA-175,,INA,Ativo,Ativo,,Alegria Sul,655117.003000006,7765027.89999973,96.44,Manual,112,2024-03-03,2026-05-27,71.0,7.0,ATRASADO,1,0,False,False,0,0,0,0,180,G00-11PTR020,759.373812681389,ATENÇÃO,3,Recebimento atrasado (71 dias sem leitura)
G00-11PTR009,PTR_N_09,Poco Tubular,Ativo,Ativo,2022-07-22,Alegria Norte,656717.650000015,7769054.57999947,265.0,Automático,2234,2021-03-01,2026-08-05,1.0,1.0,RECEBENDO,88,89,False,True,0,0,0,0,90,G00-11PTR009,0.0,ATENÇÃO,3,Zero automático persistente em poço tubular; conferir significado/integração do canal
G00-11PTR010,PTR_N_10,Poco Tubular,Ativo,Ativo,2022-07-22,Alegria Norte,656911.520000008,7769278.80999947,265.0,Automático,2368,2020-07-14,2026-08-05,1.0,1.0,RECEBENDO,88,89,False,True,0,0,0,0,90,G00-11PTR010,0.0,ATENÇÃO,3,Zero automático persistente em poço tubular; conferir significado/integração do canal
G00-11PTR011,PTR_N_11,Poco Tubular,Ativo,Ativo,2022-07-22,Alegria Norte,657019.870000018,7769531.24999947,210.0,Automático,2294,2021-02-02,2026-08-05,1.0,1.0,RECEBENDO,88,89,False,True,0,0,0,0,90,G00-11PTR011,0.0,ATENÇÃO,3,Zero automático persistente em poço tubular; conferir significado/integração do canal
G00-11PTR012,PTR_N_12,Poco Tubular,Ativo,Ativo,2022-07-22,Alegria Norte,656726.800000018,7769323.81999947,253.0,Automático,2280,2021-03-01,2026-08-05,1.0,1.0,RECEBENDO,88,89,False,True,0,0,0,0,90,G00-11PTR012,0.0,ATENÇÃO,3,Zero automático persistente em poço tubular; conferir significado/integração do canal
G00-11PTR014,PTR_N_14,Poco Tubular,Ativo,Ativo,,Alegria Norte,656486.80400004,7769259.74699867,263.0,Automático,1012,2024-01-03,2026-08-05,1.0,1.0,RECEBENDO,1,0,False,False,0,0,18,0,90,G00-11PTR014,0.0,ATENÇÃO,3,18 leitura(s) de NA negativa(s)
0027-INA-085,INA_N_85,INA,Ativo,Ativo,2020-10-21,Alegria Norte,656900.927000003,7769255.63699973,200.0,Automático,1989,2014-10-09,2026-08-05,1.0,1.0,RECEBENDO,5,4,False,False,2,0,0,0,90,G00-11PTR010,25.479394930798332,OBSERVAR,1,2 outlier(s) forte(s) nas últimas 180 dias para revisão
0027-INA-130,INA_N_130,INA,Ativo,Ativo,2021-02-12,Alegria Norte,657060.241000006,7769583.91899973,105.0,Manual,218,2017-02-07,2026-07-17,20.0,15.0,RECEBENDO,11,142,True,False,0,0,0,0,180,G00-11PTR011,66.3614438388113,OBSERVAR,1,Leitura repetida no limite de profundidade (105.00 m ≈ 105.00 m); pode indicar ponto seco
0029-INA-172,,INA,Ativo,Ativo,,Alegria Sul,655853.731000006,7765142.16799973,158.96,Manual,172,2024-01-20,2026-08-04,2.0,7.0,RECEBENDO,1,0,False,False,1,0,0,0,180,G00-11PTR016,331.0210963934334,OBSERVAR,1,1 outlier(s) forte(s) nas últimas 180 dias para revisão
0029-INA-174,,INA,Ativo,Ativo,,Alegria Sul,655853.606000004,7765139.13499973,209.75,Manual,175,2024-02-11,2026-08-04,2.0,7.0,RECEBENDO,1,0,False,False,1,0,0,0,180,G00-11PTR016,328.15866150103193,OBSERVAR,1,1 outlier(s) forte(s) nas últimas 180 dias para revisão
1226-INA-029,INA_G_29,INA,Ativo,Ativo,2020-10-21,Cava Germano,657373.281000003,7765484.68999973,162.0,Automático,2562,2015-06-23,2026-08-05,1.0,1.0,RECEBENDO,1,0,False,False,1,0,0,0,90,G00-11PTR016,1568.0270653184946,OBSERVAR,1,1 outlier(s) forte(s) nas últimas 180 dias para revisão
1226-INA-030,INA_G_30,INA,Ativo,Ativo,2020-10-21,Cava Germano,657370.433000011,7765483.30999973,240.0,Automático,2552,2015-06-23,2026-08-05,1.0,1.0,RECEBENDO,1,0,False,False,1,0,0,0,90,G00-11PTR016,1564.8628175956778,OBSERVAR,1,1 outlier(s) forte(s) nas últimas 180 dias para revisão
0027-INA-001,INA_N_01,INA,Descomissionado,Descomissionado,2020-10-21,Alegria Norte,656320.220000013,7770028.70999946,33.0,Histórico,23,1998-05-13,2001-01-16,9333.0,21.5,FORA DE OPERAÇÃO,0,0,False,False,0,0,0,0,180,G00-11PTR006,589.8839974926515,FORA DE OPERAÇÃO,0,Situação cadastral: Descomissionado — fora do QA/QC operacional atual
0027-INA-002,INA_N_02A,INA,Descomissionado,Descomissionado,2020-10-21,Alegria Norte,656353.16000001,7769974.61999946,24.0,Histórico,21,1998-05-18,2001-01-09,9340.0,26.5,FORA DE OPERAÇÃO,0,0,False,False,0,0,0,0,180,G00-11PTR006,526.9986676857432,FORA DE OPERAÇÃO,0,Situação cadastral: Descomissionado — fora do QA/QC operacional atual
0027-INA-003,INA_N_03,INA,Descomissionado,Descomissionado,2020-10-21,Alegria Norte,656388.970000018,7769970.60999947,22.0,Histórico,21,1998-05-13,2001-01-09,9340.0,26.5,FORA DE OPERAÇÃO,0,0,False,False,0,0,0,0,180,G00-11PTR006,502.20082530872304,FORA DE OPERAÇÃO,0,Situação cadastral: Descomissionado — fora do QA/QC operacional atual
0027-INA-004,INA_N_04,INA,Descomissionado,Descomissionado,2020-10-21,Alegria Norte,656402.960000017,7769956.66999947,18.0,Histórico,21,1998-05-12,2001-01-09,9340.0,26.5,FORA DE OPERAÇÃO,0,0,False,False,0,0,0,0,180,G00-11PTR006,482.7319227333878,FORA DE OPERAÇÃO,0,Situação cadastral: Descomissionado — fora do QA/QC operacional atual
0027-INA-005,INA_N_05,INA,Descomissionado,Descomissionado,2020-10-21,Alegria Norte,656431.440000016,7769928.86999947,16.0,Histórico,19,1998-05-20,2001-01-09,9340.0,27.0,FORA DE OPERAÇÃO,0,0,False,False,0,0,0,0,180,G00-11PTR006,443.652558198654,FORA DE OPERAÇÃO,0,Situação cadastral: Descomissionado — fora do QA/QC operacional atual
0027-INA-012,INA_N_12,INA,Descomissionado,Descomissionado,2020-10-21,Alegria Norte,656030.630000019,7769932.16999947,273.5,Histórico,96,2004-04-30,2011-02-21,5645.0,20.0,FORA DE OPERAÇÃO,0,0,False,False,0,0,0,0,180,G00-11PTR006,748.5605996228231,FORA DE OPERAÇÃO,0,Situação cadastral: Descomissionado — fora do QA/QC operacional atual
0027-INA-013,INA_N_13,INA,Descomissionado,Descomissionado,2020-10-21,Alegria Norte,656662.600000013,7769560.50999946,130.0,Histórico,6,2004-08-27,2004-11-12,7937.0,15.0,FORA DE OPERAÇÃO,0,0,False,False,0,0,0,0,180,G00-11PTR006,18.973370779140073,FORA DE OPERAÇÃO,0,Situação cadastral: Descomissionado — fora do QA/QC operacional atual
0027-INA-017,INA_N_17,INA,Descomissionado,Descomissionado,2020-10-21,Alegria Norte,656425.89000001,7769430.32999946,80.15,Histórico,185,2004-09-06,2011-02-21,5645.0,6.0,FORA DE OPERAÇÃO,0,0,False,False,0,0,0,0,180,G00-11PTR014,181.13275672359995,FORA DE OPERAÇÃO,0,Situação cadastral: Descomissionado — fora do QA/QC operacional atual
0027-INA-018,INA_N_18,INA,Ativo,Ativo,2020-10-21,Alegria Norte,656565.264,7769443.61999974,120.0,Automático,2540,2014-11-18,2026-08-05,1.0,1.0,RECEBENDO,1,0,False,False,0,0,0,0,90,G00-11PTR006,166.1700074413594,OK,0,Sem sinais automáticos relevantes
0027-INA-019,INA_N_19,INA,Descomissionado,Descomissionado,2020-10-21,Alegria Norte,656480.320000014,7769436.69999946,80.0,Histórico,185,2004-10-06,2010-10-27,5762.0,6.0,FORA DE OPERAÇÃO,0,0,False,False,0,0,0,0,180,G00-11PTR014,177.07175592137406,FORA DE OPERAÇÃO,0,Situação cadastral: Descomissionado — fora do QA/QC operacional atual
0027-INA-020,INA_N_20,INA,Ativo,Ativo,2020-10-21,Alegria Norte,656536.628000008,7769414.00099974,121.0,Automático,2339,2015-07-28,2026-08-05,1.0,1.0,RECEBENDO,1,0,False,False,0,0,0,0,90,G00-11PTR014,162.10098031515406,OK,0,Sem sinais automáticos relevantes
0027-INA-021,INA_N_21/INA_N_21A,INA,Descomissionado,Descomissionado,2020-10-21,Alegria Norte,656459.470000011,7769380.28999947,122.0,Histórico,429,2004-11-12,2019-06-17,2607.0,1.0,FORA DE OPERAÇÃO,0,0,False,False,0,0,0,0,180,G00-11PTR014,123.60324671942973,FORA DE OPERAÇÃO,0,Situação cadastral: Descomissionado — fora do QA/QC operacional atual
0027-INA-021B,INA_N_21B,INA,Ativo,Ativo,2020-10-21,Alegria Norte,656460.080000004,7769379.84599973,122.0,Automático,2243,2014-10-09,2026-08-05,1.0,1.0,RECEBENDO,1,0,False,False,0,0,0,0,90,G00-11PTR014,123.03634517325607,OK,0,Sem sinais automáticos relevantes
0027-INA-022,INA_N_22,INA,Descomissionado,Descomissionado,2020-10-21,Alegria Norte,656464.870000015,7769450.95599946,81.0,Histórico,2184,2004-10-27,2025-09-26,314.0,1.0,FORA DE OPERAÇÃO,0,0,False,False,0,0,0,0,180,G00-11PTR014,192.46293757603465,FORA DE OPERAÇÃO,0,Situação cadastral: Descomissionado — fora do QA/QC operacional atual
0027-INA-023,INA_N_23,INA,Descomissionado,Descomissionado,2020-10-21,Alegria Norte,656959.750000012,7769534.14999946,121.5,Histórico,83,2005-02-15,2008-02-28,6734.0,10.0,FORA DE OPERAÇÃO,0,0,False,False,0,0,0,0,180,G00-11PTR011,60.189902813263174,FORA DE OPERAÇÃO,0,Situação cadastral: Descomissionado — fora do QA/QC operacional atual
0027-INA-026,INA_N_26,INA,Descomissionado,Descomissionado,2020-10-21,Alegria Norte,655262.600000015,7769570.42999947,260.0,Histórico,58,2005-04-15,2010-10-28,5761.0,25.0,FORA DE OPERAÇÃO,0,0,False,False,0,0,0,0,180,G00-11PTR014,1263.0120192078796,FORA DE OPERAÇÃO,0,Situação cadastral: Descomissionado — fora do QA/QC operacional atual
0027-INA-034,INA_N_34,INA,Ativo,Ativo,2020-10-21,Alegria Norte,656064.298000003,7769131.62099973,180.0,Automático,1950,2014-10-09,2026-08-05,1.0,1.0,RECEBENDO,7,6,False,False,0,0,0,0,90,G00-11PTR014,441.506049416701,OK,0,Sem sinais automáticos relevantes
0027-INA-037,INA_N_37,INA,Descomissionado,Descomissionado,2020-10-21,Alegria Norte,656514.530000014,7770110.22999946,250.0,Histórico,42,2006-12-21,2010-03-23,5980.0,26.0,FORA DE OPERAÇÃO,0,0,False,False,0,0,0,0,180,G00-11PTR006,572.7136882211893,FORA DE OPERAÇÃO,0,Situação cadastral: Descomissionado — fora do QA/QC operacional atual
0027-INA-038,INA_N_38,INA,Descomissionado,Descomissionado,2020-10-21,Alegria Norte,655735.252000011,7769454.09899946,250.5,Histórico,1176,2007-05-30,2024-09-08,697.0,1.0,FORA DE OPERAÇÃO,0,0,False,False,0,0,0,0,180,G00-11PTR014,776.2751502907568,FORA DE OPERAÇÃO,0,Situação cadastral: Descomissionado — fora do QA/QC operacional atual
0027-INA-039,INA_N_39,INA,Descomissionado,Descomissionado,2020-10-21,Alegria Norte,657279.98000001,7769806.33999947,150.0,Histórico,31,2006-12-15,2009-05-14,6293.0,30.0,FORA DE OPERAÇÃO,0,0,False,False,0,0,0,0,180,G00-11PTR019,65.12815592967348,FORA DE OPERAÇÃO,0,Situação cadastral: Descomissionado — fora do QA/QC operacional atual
0027-INA-040,INA_N_40,INA,Descomissionado,Descomissionado,2020-10-21,Alegria Norte,656719.660000016,7769615.13999947,80.0,Histórico,46,2007-03-26,2008-09-15,6534.0,5.0,FORA DE OPERAÇÃO,0,0,False,False,0,0,0,0,180,G00-11PTR006,65.11739364228269,FORA DE OPERAÇÃO,0,Situação cadastral: Descomissionado — fora do QA/QC operacional atual
0027-INA-051,INA_N_51A,INA,Descomissionado,Descomissionado,2020-10-21,Alegria Norte,656661.790000011,7769298.21999946,150.0,Histórico,112,2007-04-24,2012-12-19,4978.0,15.0,FORA DE OPERAÇÃO,0,0,False,False,0,0,0,0,180,G00-11PTR015,34.56298988962765,FORA DE OPERAÇÃO,0,Situação cadastral: Descomissionado — fora do QA/QC operacional atual
0027-INA-051B,INA_N_51B,INA,Ativo,Ativo,2020-10-21,Alegria Norte,656662.371000009,7769297.70299973,150.0,Automático,2190,2014-10-09,2026-08-05,1.0,1.0,RECEBENDO,1,0,False,False,0,0,0,0,90,G00-11PTR015,34.81495174594467,OK,0,Sem sinais automáticos relevantes
0027-INA-052,INA_N_52A,INA,Ativo,Ativo,2020-10-21,Alegria Norte,655228.853000002,7769362.58799973,200.15,Automático,2190,2014-10-13,2026-08-05,1.0,1.0,RECEBENDO,1,0,False,False,0,0,0,0,90,G00-11PTR014,1262.1477686847775,OK,0,Sem sinais automáticos relevantes
0027-INA-053,INA_N_53,INA,Descomissionado,Descomissionado,2020-10-21,Alegria Norte,656285.050000008,7770378.77999946,300.0,Histórico,75,2007-06-25,2013-12-05,4627.0,25.0,FORA DE OPERAÇÃO,0,0,False,False,0,0,0,0,180,G00-11PTR006,907.5513086694972,FORA DE OPERAÇÃO,0,Situação cadastral: Descomissionado — fora do QA/QC operacional atual
0027-INA-055,INA_N_55,INA,Ativo,Ativo,2020-10-21,Alegria Norte,656324.641000002,7769439.76899973,212.0,Automático,2462,2014-10-09,2026-08-05,1.0,1.0,RECEBENDO,1,0,False,False,0,0,0,0,90,G00-11PTR014,242.29065076310914,OK,0,Sem sinais automáticos relevantes
0027-INA-056,INA_N_56,INA,Descomissionado,Descomissionado,2020-10-21,Alegria Norte,656660.970000014,7769844.27999946,200.05,Histórico,6,2007-10-24,2008-02-08,6754.0,22.0,FORA DE OPERAÇÃO,0,0,False,False,0,0,0,0,180,G00-11PTR006,282.6351579227497,FORA DE OPERAÇÃO,0,Situação cadastral: Descomissionado — fora do QA/QC operacional atual
0027-INA-061,INA_N_61,INA,Descomissionado,Descomissionado,2020-10-21,Alegria Norte,656585.910000011,7769705.66999947,200.0,Histórico,7,2008-07-18,2008-08-15,6565.0,5.5,FORA DE OPERAÇÃO,0,0,False,False,0,0,0,0,180,G00-11PTR006,172.22886940274216,FORA DE OPERAÇÃO,0,Situação cadastral: Descomissionado — fora do QA/QC operacional atual
0027-INA-065,INA_N_65,INA,Descomissionado,Descomissionado,2020-10-21,Alegria Norte,657092.480000015,7769953.16999947,80.0,Histórico,4,2008-11-19,2009-03-10,6358.0,44.0,FORA DE OPERAÇÃO,0,0,False,False,0,0,0,0,180,G00-11PTR019,198.04368366918354,FORA DE OPERAÇÃO,0,Situação cadastral: Descomissionado — fora do QA/QC operacional atual
0027-INA-072,INA_N_72,INA,Descomissionado,Descomissionado,2020-10-21,Alegria Norte,657104.770000011,7770054.12999946,50.0,Histórico,5,2011-05-17,2011-10-26,5398.0,39.5,FORA DE OPERAÇÃO,0,0,False,False,0,0,0,0,180,G00-11PTR019,248.4252605951548,FORA DE OPERAÇÃO,0,Situação cadastral: Descomissionado — fora do QA/QC operacional atual
0027-INA-073,INA_N_73,INA,Ativo,Ativo,2020-10-21,Alegria Norte,657245.45400001,7769759.35199973,250.0,Manual,261,2011-05-30,2026-07-21,16.0,15.0,RECEBENDO,1,0,False,False,0,0,0,0,180,G00-11PTR018,37.4985825769542,OK,0,Sem sinais automáticos relevantes
0027-INA-075,INA_N_75,INA,Descomissionado,,2020-10-21,Alegria Norte,655952.67000001,7770084.07999946,220.0,Histórico,0,,,,,FORA DE OPERAÇÃO,0,0,False,False,0,0,0,0,180,G00-11PTR006,896.2837010529116,FORA DE OPERAÇÃO,0,Situação cadastral: Descomissionado — fora do QA/QC operacional atual
0027-INA-076,INA_N_76B,INA,Ativo,Ativo,2020-10-21,Alegria Norte,656826.435000005,7769660.62299973,200.0,Manual,180,2011-09-06,2026-06-23,44.0,16.0,RECEBENDO,1,0,False,False,0,0,0,0,180,G00-11PTR006,175.10475282420052,OK,0,Sem sinais automáticos relevantes
0027-INA-077,INA_N_77,INA,Descomissionado,Descomissionado,2020-10-21,Alegria Norte,656832.410000016,7769492.84999946,200.0,Histórico,13,2011-10-10,2012-06-21,5159.0,19.0,FORA DE OPERAÇÃO,0,0,False,False,0,0,0,0,180,G00-11PTR006,166.17965104994383,FORA DE OPERAÇÃO,0,Situação cadastral: Descomissionado — fora do QA/QC operacional atual
0027-INA-099,INA_N_99,INA,Descomissionado,Descomissionado,2020-10-21,Alegria Norte,657249.121000017,7769833.92099947,127.3,Histórico,691,2013-12-26,2022-09-02,1434.0,1.0,FORA DE OPERAÇÃO,0,0,False,False,0,0,0,0,180,G00-11PTR019,43.99175494155422,FORA DE OPERAÇÃO,0,Situação cadastral: Descomissionado — fora do QA/QC operacional atual
0027-INA-107,INA_N_107,INA,Ativo,Ativo,2020-10-21,Alegria Norte,657117.26900001,7770146.74199974,200.0,Automático,1824,2018-10-10,2026-08-05,1.0,1.0,RECEBENDO,1,0,False,False,0,0,0,0,90,G00-11PTR019,316.47963834799293,OK,0,Sem sinais automáticos relevantes
0027-INA-113,INA_N_113,INA,Ativo,Ativo,2020-10-21,Alegria Norte,656482.158000007,7769617.84999974,65.4,Manual,761,2016-03-10,2026-07-17,20.0,14.5,RECEBENDO,1,0,False,False,0,0,0,0,180,G00-11PTR006,206.89386501842844,OK,0,Sem sinais automáticos relevantes
0027-INA-115,INA_N_115,INA,Ativo,Ativo,2020-10-21,Alegria Norte,656280.378,7770252.23699973,300.0,Manual,239,2016-02-19,2026-07-20,17.0,15.0,RECEBENDO,1,0,False,False,0,0,0,0,180,G00-11PTR006,797.9797609761337,OK,0,Sem sinais automáticos relevantes
0027-INA-135,INA_N_135,INA,Ativo,Ativo,2020-10-21,Alegria Norte,656702.40500001,7769021.24099973,108.1,Automático,1908,2018-10-10,2026-08-05,1.0,1.0,RECEBENDO,1,0,False,False,0,0,0,0,90,G00-11PTR009,36.659227062311025,OK,0,Sem sinais automáticos relevantes
0027-INA-136,INA_N_136,INA,Ativo,Ativo,2020-10-21,Alegria Norte,656702.40500001,7769021.24099973,69.7,Automático,2081,2018-10-10,2026-08-05,1.0,1.0,RECEBENDO,1,0,False,False,0,0,0,0,90,G00-11PTR009,36.659227062311025,OK,0,Sem sinais automáticos relevantes
0027-INA-155,INA_CA_155,INA,Ativo,Ativo,2020-10-21,Alegria Norte,654682.718000006,7770805.72099973,470.6,Automático,1808,2020-04-04,2026-08-05,1.0,1.0,RECEBENDO,1,0,False,False,0,0,0,0,90,G00-11PTR006,2353.9162071469336,OK,0,Sem sinais automáticos relevantes
0027-INA-156,INA_CA_156,INA,Ativo,Ativo,2020-10-21,Alegria Norte,654661.877000004,7770749.25999974,450.0,Automático,1949,2020-04-04,2026-08-05,1.0,1.0,RECEBENDO,1,0,False,False,0,0,0,0,90,G00-11PTR006,2342.5321078945544,OK,0,Sem sinais automáticos relevantes
0028-INA-001-B4,INA_C_01A/B4,INA,Descomissionado,,2020-10-21,Alegria Centro,654705.050000014,7768161.32999947,200.1,Histórico,0,,,,,FORA DE OPERAÇÃO,0,0,False,False,0,0,0,0,180,G00-11PTR008,1478.8000008446554,FORA DE OPERAÇÃO,0,Situação cadastral: Descomissionado — fora do QA/QC operacional atual
0028-INA-002-B4,INA_C_02/B4,INA,Descomissionado,Descomissionado,2020-10-21,Alegria Centro,654907.730000015,7767555.15999947,100.1,Histórico,22,2004-09-06,2006-09-02,7278.0,16.0,FORA DE OPERAÇÃO,0,0,False,False,0,0,0,0,180,G00-11PTR008,855.2187847550531,FORA DE OPERAÇÃO,0,Situação cadastral: Descomissionado — fora do QA/QC operacional atual
0028-INA-041,INA_C_41,INA,Ativo,Ativo,2020-10-21,Alegria Centro,655738.266000006,7768529.16699973,150.5,Automático,2166,2014-10-09,2026-08-05,1.0,1.0,RECEBENDO,1,0,False,False,0,0,0,0,90,G00-11PTR014,1045.971449106104,OK,0,Sem sinais automáticos relevantes
0028-INA-059,INA_C_59,INA,Ativo,Ativo,2020-10-21,Alegria Centro,654905.492000006,7767858.84899974,190.0,Manual,262,2008-06-30,2026-07-21,16.0,15.0,RECEBENDO,1,0,False,False,0,0,0,0,180,G00-11PTR008,1118.1107084594862,OK,0,Sem sinais automáticos relevantes
0028-INA-060,INA_C_60,INA,Ativo,Ativo,2020-10-21,Alegria Centro,655003.953000007,7767257.99399973,100.0,Automático,1980,2015-04-28,2026-08-05,1.0,1.0,RECEBENDO,1,0,False,False,0,0,0,0,90,G00-11PTR008,564.641181387086,OK,0,Sem sinais automáticos relevantes
0028-INA-086,INA_C_86,INA,Ativo,Ativo,2020-10-21,Alegria Centro,654798.060000003,7767560.48699973,215.0,Automático,1991,2015-09-16,2026-08-05,1.0,1.0,RECEBENDO,1,0,False,False,0,0,0,0,90,G00-11PTR008,926.8722143997155,OK,0,Sem sinais automáticos relevantes
0028-INA-137,INA_C_137,INA,Ativo,Ativo,2020-10-21,Alegria Centro,655359.405000005,7768693.09699974,150.0,Automático,2003,2019-01-02,2026-08-05,1.0,1.0,RECEBENDO,1,0,False,False,0,0,0,0,90,G00-11PTR014,1261.7926638582862,OK,0,Sem sinais automáticos relevantes
0028-INA-139,INA_C_139,INA,Ativo,Ativo,2020-10-21,Alegria Centro,655565.030000009,7768514.13899973,150.0,Automático,2037,2018-10-17,2026-08-05,1.0,1.0,RECEBENDO,1,0,False,False,0,0,0,0,90,G00-11PTR014,1185.579434376045,OK,0,Sem sinais automáticos relevantes
0028-INA-143,INA_C_143,INA,Ativo,Ativo,2020-10-21,Alegria Centro,655254.837000001,7767323.49899974,90.0,Automático,1835,2018-09-10,2026-08-05,1.0,1.0,RECEBENDO,1,0,False,False,0,0,0,0,90,G00-11PTR008,489.3093804387639,OK,0,Sem sinais automáticos relevantes
0028-INA-144,INA_C_144,INA,Ativo,Ativo,2020-10-21,Alegria Centro,654702.260000007,7767358.47699974,100.0,Automático,1807,2018-10-10,2026-08-05,1.0,1.0,RECEBENDO,1,0,False,False,0,0,0,0,90,G00-11PTR008,860.3420126253718,OK,0,Sem sinais automáticos relevantes
0028-INA-145,INA_C_145,INA,Ativo,Ativo,2020-10-21,Alegria Centro,654852.960000004,7767351.51599973,100.0,Automático,2061,2019-02-12,2026-08-05,1.0,1.0,RECEBENDO,1,0,False,False,0,0,0,0,90,G00-11PTR008,738.4842463199005,OK,0,Sem sinais automáticos relevantes
0028-INA-147,INA_C_147,INA,Ativo,Ativo,2020-10-21,Alegria Centro,655200.233000003,7767384.50199974,100.0,Automático,1917,2018-10-10,2026-08-05,1.0,1.0,RECEBENDO,1,0,False,False,0,0,0,0,90,G00-11PTR008,564.8555756662914,OK,0,Sem sinais automáticos relevantes
0028-PM-002,INA_PO_C_02,Poco Monitoramento,Ativo,Ativo,2020-10-21,Alegria Centro,655015.750000008,7767299.49999973,90.7,Manual,170,2018-09-17,2026-07-20,17.0,15.0,RECEBENDO,1,0,False,False,0,0,0,0,180,G00-11PTR008,587.060459947549,OK,0,Sem sinais automáticos relevantes
0029-INA-014,INA_S_14,INA,Descomissionado,Descomissionado,2020-10-21,Alegria Sul,655228.910000009,7765216.41999946,180.25,Histórico,2,2004-10-06,2004-11-12,7937.0,37.0,FORA DE OPERAÇÃO,0,0,False,False,0,0,0,0,180,G00-11PTR020,785.7283449502437,FORA DE OPERAÇÃO,0,Situação cadastral: Descomissionado — fora do QA/QC operacional atual
0029-INA-015,INA_S_15,INA,Descomissionado,Descomissionado,2020-10-21,Alegria Sul,655550.290000016,7764725.77999947,211.1,Histórico,3,2005-08-05,2005-09-14,7631.0,20.0,FORA DE OPERAÇÃO,0,0,False,False,0,0,0,0,180,G00-11PTR020,238.8909107932085,FORA DE OPERAÇÃO,0,Situação cadastral: Descomissionado — fora do QA/QC operacional atual
0029-INA-016,INA_S_16,INA,Descomissionado,,2020-10-21,Alegria Sul,655390.790000016,7766646.92999947,120.0,Histórico,0,,,,,FORA DE OPERAÇÃO,0,0,False,False,0,0,0,0,180,G00-11PTR008,209.8485265618371,FORA DE OPERAÇÃO,0,Situação cadastral: Descomissionado — fora do QA/QC operacional atual
0029-INA-024,INA_S_24,INA,Ativo,Ativo,2020-10-21,Alegria Sul,655864.560000003,7766037.53599973,100.6,Automático,2246,2015-08-14,2026-08-05,1.0,1.0,RECEBENDO,1,0,False,False,0,0,0,0,90,G00-11PTR005,645.7440375170529,OK,0,Sem sinais automáticos relevantes
0029-INA-025,INA_S_25,INA,Descomissionado,Descomissionado,2020-10-21,Alegria Sul,655644.060000012,7764382.05999947,201.0,Histórico,103,2005-01-15,2011-12-05,5358.0,21.0,FORA DE OPERAÇÃO,0,0,False,False,0,0,0,0,180,G00-11PTR020,303.9988750919061,FORA DE OPERAÇÃO,0,Situação cadastral: Descomissionado — fora do QA/QC operacional atual
0029-INA-027,INA_S_27,INA,Descomissionado,Descomissionado,2020-10-21,Alegria Sul,654816.060000016,7764424.94999947,200.0,Histórico,10,2005-04-15,2006-05-05,7398.0,19.0,FORA DE OPERAÇÃO,0,0,False,False,0,0,0,0,180,G00-11PTR020,989.3867248675293,FORA DE OPERAÇÃO,0,Situação cadastral: Descomissionado — fora do QA/QC operacional atual
0029-INA-028,INA_S_28,INA,Descomissionado,Descomissionado,2020-10-21,Alegria Sul,655620.030000008,7765390.05999946,220.0,Histórico,54,2005-07-15,2009-02-18,6378.0,19.0,FORA DE OPERAÇÃO,0,0,False,False,0,0,0,0,180,G00-11PTR016,654.0765223596204,FORA DE OPERAÇÃO,0,Situação cadastral: Descomissionado — fora do QA/QC operacional atual
0029-INA-035,INA_S_35,INA,Ativo,Ativo,2020-10-21,Alegria Sul,655305.527000005,7767145.94099972,100.45,Automático,2368,2014-10-09,2026-08-05,1.0,1.0,RECEBENDO,1,0,False,False,0,0,0,0,90,G00-11PTR008,304.7520644658299,OK,0,Sem sinais automáticos relevantes
0029-INA-036,INA_S_36,INA,Ativo,Ativo,2020-10-21,Alegria Sul,655777.52200001,7767304.92999973,100.15,Automático,2463,2014-10-09,2026-08-05,1.0,1.0,RECEBENDO,1,0,False,False,0,0,0,0,90,G00-11PTR008,585.518041322589,OK,0,Sem sinais automáticos relevantes
0029-INA-044,INA_S_44,INA,Descomissionado,Descomissionado,2020-10-21,Alegria Sul,655303.890000013,7764551.98999946,200.1,Histórico,8,2006-06-22,2006-10-25,7225.0,15.0,FORA DE OPERAÇÃO,0,0,False,False,0,0,0,0,180,G00-11PTR020,485.4986104065414,FORA DE OPERAÇÃO,0,Situação cadastral: Descomissionado — fora do QA/QC operacional atual
0029-INA-045,INA_S_45,INA,Descomissionado,Descomissionado,2020-10-21,Alegria Sul,655770.400000013,7764823.17999946,140.5,Histórico,6,2006-06-22,2006-08-19,7292.0,12.0,FORA DE OPERAÇÃO,0,0,False,False,0,0,0,0,180,G00-11PTR020,168.59615271714668,FORA DE OPERAÇÃO,0,Situação cadastral: Descomissionado — fora do QA/QC operacional atual
0029-INA-046,INA_S_46,INA,Descomissionado,Descomissionado,2020-10-21,Alegria Sul,654894.27000001,7765254.00999946,150.45,Histórico,39,2006-07-07,2009-08-11,6204.0,28.0,FORA DE OPERAÇÃO,0,0,False,False,0,0,0,0,180,G00-11PTR020,1068.0554995739117,FORA DE OPERAÇÃO,0,Situação cadastral: Descomissionado — fora do QA/QC operacional atual
0029-INA-047,INA_S_47,INA,Descomissionado,Descomissionado,2020-10-21,Alegria Sul,655682.450000012,7766465.83999946,100.05,Histórico,26,2006-07-22,2008-04-30,6672.0,26.0,FORA DE OPERAÇÃO,0,0,False,False,0,0,0,0,180,G00-11PTR005,228.89123290355076,FORA DE OPERAÇÃO,0,Situação cadastral: Descomissionado — fora do QA/QC operacional atual
0029-INA-048,INA_S_48,INA,Ativo,Ativo,2020-10-21,Alegria Sul,656006.879000007,7765823.72199973,101.05,Automático,1942,2016-04-08,2026-08-05,1.0,1.0,RECEBENDO,1,0,False,False,0,0,0,0,90,G00-11PTR005,884.6684732157803,OK,0,Sem sinais automáticos relevantes
0029-INA-049,INA_S_49,INA,Descomissionado,Descomissionado,2020-10-21,Alegria Sul,655743.410000014,7766845.58999947,128.5,Histórico,19,2006-10-25,2008-02-28,6734.0,27.5,FORA DE OPERAÇÃO,0,0,False,False,0,0,0,0,180,G00-11PTR005,171.374551795985,FORA DE OPERAÇÃO,0,Situação cadastral: Descomissionado — fora do QA/QC operacional atual
0029-INA-050,INA_S_50,INA,Descomissionado,Descomissionado,2020-10-21,Alegria Sul,655857.158000008,7766355.03999973,50.65,Histórico,214,2006-10-25,2017-01-30,3475.0,1.0,FORA DE OPERAÇÃO,0,0,False,False,0,0,0,0,180,G00-11PTR005,332.68209195814455,FORA DE OPERAÇÃO,0,Situação cadastral: Descomissionado — fora do QA/QC operacional atual
0029-INA-066,INA_S_66,INA,Descomissionado,Descomissionado,2020-10-21,Alegria Sul,656155.250000015,7764249.13999947,200.0,Histórico,34,2009-03-06,2011-06-20,5526.0,21.0,FORA DE OPERAÇÃO,0,0,False,False,0,0,0,0,180,G00-11PTR020,553.6841253293934,FORA DE OPERAÇÃO,0,Situação cadastral: Descomissionado — fora do QA/QC operacional atual
0029-INA-069,INA_S_69,INA,Descomissionado,Descomissionado,2020-10-21,Alegria Sul,655797.870000014,7766393.24999947,200.0,Histórico,186,2010-10-28,2018-08-08,2920.0,10.0,FORA DE OPERAÇÃO,0,0,False,False,0,0,0,0,180,G00-11PTR005,284.5286927435239,FORA DE OPERAÇÃO,0,Situação cadastral: Descomissionado — fora do QA/QC operacional atual
0029-INA-070,INA_S_70,INA,Ativo,Ativo,2020-10-21,Alegria Sul,655773.482000007,7766509.34999973,208.0,Automático,2093,2015-08-22,2026-08-05,1.0,1.0,RECEBENDO,1,0,False,False,0,0,0,0,90,G00-11PTR005,167.23866064340535,OK,0,Sem sinais automáticos relevantes
0029-INA-071,INA_S_71,INA,Descomissionado,Descomissionado,2020-10-21,Alegria Sul,656060.110000013,7766789.41999946,25.0,Histórico,66,2011-04-26,2015-02-23,4182.0,16.0,FORA DE OPERAÇÃO,0,0,False,False,0,0,0,0,180,G00-11PTR005,309.6240534915632,FORA DE OPERAÇÃO,0,Situação cadastral: Descomissionado — fora do QA/QC operacional atual
0029-INA-078,INA_S_78,INA,Ativo,Ativo,2020-10-21,Alegria Sul,655187.636999999,7767051.87099973,200.0,Automático,1881,2016-04-11,2026-08-05,1.0,1.0,RECEBENDO,1,0,False,False,0,0,0,0,90,G00-11PTR008,289.2781985519937,OK,0,Sem sinais automáticos relevantes
0029-INA-083,INA_S_83,INA,Descomissionado,Descomissionado,2020-10-21,Alegria Sul,655510.830000008,7765566.11999946,260.0,Histórico,58,2012-03-27,2015-04-10,4136.0,15.0,FORA DE OPERAÇÃO,0,0,False,False,0,0,0,0,180,G00-11PTR016,861.2010091452871,FORA DE OPERAÇÃO,0,Situação cadastral: Descomissionado — fora do QA/QC operacional atual
0029-INA-084,INA_S_84,INA,Ativo,Ativo,2020-10-21,Alegria Sul,655548.507000009,7766744.74099973,260.0,Automático,2006,2016-02-19,2026-08-05,1.0,1.0,RECEBENDO,1,0,False,False,0,0,0,0,90,G00-11PTR008,185.08132134461977,OK,0,Sem sinais automáticos relevantes
0029-INA-096,INA_S_96,INA,Descomissionado,Descomissionado,2020-10-21,Alegria Sul,654839.040000009,7764848.60999946,200.0,Histórico,92,2013-10-30,2022-08-26,1441.0,15.0,FORA DE OPERAÇÃO,0,0,False,False,0,0,0,0,180,G00-11PTR020,959.1349925759381,FORA DE OPERAÇÃO,0,Situação cadastral: Descomissionado — fora do QA/QC operacional atual
0029-INA-097,INA_S_97,INA,Ativo,Ativo,2020-10-21,Alegria Sul,655652.949000006,7764342.33099973,250.0,Automático,1907,2015-06-24,2026-08-05,1.0,1.0,RECEBENDO,1,0,False,False,0,0,0,0,90,G00-11PTR020,336.6807700891864,OK,0,Sem sinais automáticos relevantes
0029-INA-100,INA_S_100,INA,Ativo,Ativo,2020-10-21,Alegria Sul,655470.222000008,7767110.50499973,248.9,Automático,1889,2018-11-26,2026-08-05,1.0,1.0,RECEBENDO,1,0,False,False,0,0,0,0,90,G00-11PTR008,263.2394082201526,OK,0,Sem sinais automáticos relevantes
0029-INA-101,INA_S_101,INA,Ativo,Ativo,2020-10-21,Alegria Sul,655470.222000008,7767110.50499973,187.9,Manual,273,2014-03-10,2026-07-22,15.0,15.0,RECEBENDO,1,0,False,False,0,0,0,0,180,G00-11PTR008,263.2394082201526,OK,0,Sem sinais automáticos relevantes
0029-INA-102,INA_S_102,INA,Ativo,Ativo,2020-10-21,Alegria Sul,655959.337000003,7765391.86899973,200.0,Automático,1610,2016-09-02,2026-08-05,1.0,1.0,RECEBENDO,1,0,False,False,0,0,0,0,90,G00-11PTR016,566.3320144187729,OK,0,Sem sinais automáticos relevantes
0029-INA-103,INA_S_103,INA,Ativo,Ativo,2020-10-21,Alegria Sul,655936.356000009,7765431.60299973,200.0,Automático,2020,2016-05-19,2026-08-05,1.0,1.0,RECEBENDO,1,0,False,False,0,0,0,0,90,G00-11PTR016,606.1619468962924,OK,0,Sem sinais automáticos relevantes
0029-INA-104,INA_S_104,INA,Ativo,Ativo,2020-10-21,Alegria Sul,655983.568000008,7765329.16199973,200.0,Automático,2044,2016-04-25,2026-08-05,1.0,1.0,RECEBENDO,1,0,False,False,0,0,0,0,90,G00-11PTR016,504.64086654812473,OK,0,Sem sinais automáticos relevantes
0029-INA-109,INA_S_109,INA,Ativo,Ativo,2021-02-12,Alegria Sul,654780.060000008,7765009.88899973,32.0,Manual,201,2015-07-06,2026-07-20,17.0,15.0,RECEBENDO,4,59,False,False,0,0,0,0,180,G00-11PTR020,1059.6028428071877,OK,0,Sem sinais automáticos relevantes
0029-INA-110,INA_S_110,INA,Ativo,Ativo,2021-02-12,Alegria Sul,654834.343000001,7765244.48799973,30.0,Manual,211,2015-07-06,2026-07-20,17.0,15.0,RECEBENDO,1,0,False,False,0,0,0,0,180,G00-11PTR020,1113.093524467198,OK,0,Sem sinais automáticos relevantes
0029-INA-111,INA_S_111,INA,Ativo,Ativo,2021-02-12,Alegria Sul,654834.343000001,7765244.48799973,9.1,Manual,204,2016-03-10,2026-07-20,17.0,15.0,RECEBENDO,1,0,False,False,0,0,0,0,180,G00-11PTR020,1113.093524467198,OK,0,Sem sinais automáticos relevantes
0029-INA-112,INA_S_112,INA,Ativo,Ativo,2020-10-21,Alegria Sul,655061.832000003,7765624.30299973,108.0,Manual,185,2016-03-10,2026-07-06,31.0,15.0,RECEBENDO,1,0,False,False,0,0,0,0,180,G00-11PTR016,1194.839154772843,OK,0,Sem sinais automáticos relevantes
0029-INA-114,INA_S_114,INA,Tamponado,Tamponado,2020-10-21,Alegria Sul,655308.575000007,7764647.79799973,200.1,Histórico,221,2015-09-09,2022-08-17,1450.0,5.0,FORA DE OPERAÇÃO,0,0,False,False,0,0,0,0,180,G00-11PTR020,469.8607742159165,FORA DE OPERAÇÃO,0,Situação cadastral: Tamponado — fora do QA/QC operacional atual
0029-INA-127,INA_S_127,INA,Ativo,Ativo,2020-10-21,Alegria Sul,656070.505000007,7765969.43899973,45.0,Manual,232,2016-10-20,2026-07-22,15.0,15.0,RECEBENDO,1,0,False,False,0,0,0,0,180,G00-11PTR005,767.6490207906076,OK,0,Sem sinais automáticos relevantes
0029-INA-128,INA_S_128,INA,Ativo,Ativo,2020-10-21,Alegria Sul,656070.505000007,7765969.43899973,60.0,Manual,230,2016-10-20,2026-07-23,14.0,15.0,RECEBENDO,1,0,False,False,0,0,0,0,180,G00-11PTR005,767.6490207906076,OK,0,Sem sinais automáticos relevantes
0029-INA-132,INA_S_132,INA,Ativo,Ativo,2020-10-21,Alegria Sul,656275.16300002,7767688.41699921,30.65,Automático,1818,2018-09-11,2026-08-05,1.0,1.0,RECEBENDO,1,0,False,False,0,0,0,0,90,G00-11PTR005,1130.136522177567,OK,0,Sem sinais automáticos relevantes
0029-INA-133,INA_S_133,INA,Ativo,Ativo,2020-10-21,Alegria Sul,656076.604000021,7767422.7349992,25.15,Automático,2003,2018-09-11,2026-08-05,1.0,1.0,RECEBENDO,1,0,False,False,0,0,0,0,90,G00-11PTR005,806.0179617223845,OK,0,Sem sinais automáticos relevantes
0029-INA-134,INA_S_134,INA,Ativo,Ativo,2020-10-21,Alegria Sul,655963.152000024,7767293.2089992,39.7,Automático,1874,2018-09-11,2026-08-05,1.0,1.0,RECEBENDO,1,0,False,False,0,0,0,0,90,G00-11PTR005,645.6427539350154,OK,0,Sem sinais automáticos relevantes
0029-INA-138,INA_S_138,INA,Ativo,Ativo,2020-10-21,Alegria Sul,655468.243000007,7766566.05399973,168.5,Automático,1543,2019-03-11,2026-08-05,1.0,1.0,RECEBENDO,1,0,False,False,0,0,0,0,90,G00-11PTR008,298.1575547812145,OK,0,Sem sinais automáticos relevantes
0029-INA-140,INA_S_140,INA,Ativo,Ativo,2020-10-21,Alegria Sul,655316.490000006,7767092.22199973,100.0,Automático,1725,2018-09-11,2026-08-05,1.0,1.0,RECEBENDO,1,0,False,False,0,0,0,0,90,G00-11PTR008,250.38502169174336,OK,0,Sem sinais automáticos relevantes
0029-INA-141,INA_S_141,INA,Ativo,Ativo,2020-10-21,Alegria Sul,655244.979000001,7766703.14499973,150.0,Automático,1990,2019-03-11,2026-08-05,1.0,1.0,RECEBENDO,1,0,False,False,0,0,0,0,90,G00-11PTR008,218.7910203595725,OK,0,Sem sinais automáticos relevantes
0029-INA-142,INA_S_142,INA,Ativo,Ativo,2020-10-21,Alegria Sul,655616.825000004,7766933.20799974,120.0,Automático,1887,2019-03-11,2026-08-05,1.0,1.0,RECEBENDO,1,0,False,False,0,0,0,0,90,G00-11PTR008,229.04136383289713,OK,0,Sem sinais automáticos relevantes
0029-INA-146,INA_S_146,INA,Ativo,Ativo,2020-10-21,Alegria Sul,655219.687000004,7766958.88399973,100.0,Automático,1813,2018-09-11,2026-08-05,1.0,1.0,RECEBENDO,1,0,False,False,0,0,0,0,90,G00-11PTR008,208.20841803714222,OK,0,Sem sinais automáticos relevantes
0029-INA-148,INA_S_148,INA,Ativo,Ativo,2020-10-21,Alegria Sul,654898.580000008,7766354.92499973,150.0,Automático,1810,2018-09-20,2026-08-05,1.0,1.0,RECEBENDO,1,0,False,False,0,0,0,0,90,G00-11PTR008,709.9531196986513,OK,0,Sem sinais automáticos relevantes
0029-INA-149,INA_S_149,INA,Ativo,Ativo,2020-10-21,Alegria Sul,655199.58400001,7766905.47399973,100.0,Automático,1770,2018-09-11,2026-08-05,1.0,1.0,RECEBENDO,1,0,False,False,0,0,0,0,90,G00-11PTR008,207.27739919888705,OK,0,Sem sinais automáticos relevantes
0029-INA-150,INA_S_150,INA,Ativo,Ativo,2020-10-21,Alegria Sul,655287.369000002,7766894.99099973,130.0,Automático,1721,2018-09-11,2026-08-05,1.0,1.0,RECEBENDO,1,0,False,False,0,0,0,0,90,G00-11PTR008,119.96354739876554,OK,0,Sem sinais automáticos relevantes
0029-INA-151,INA_S_151,INA,Ativo,Ativo,2020-10-21,Alegria Sul,655283.894000008,7766476.40899974,180.0,Automático,1814,2018-09-20,2026-08-05,1.0,1.0,RECEBENDO,1,0,False,False,0,0,0,0,90,G00-11PTR008,397.75091410713304,OK,0,Sem sinais automáticos relevantes
0029-INA-152,INA_S_152,INA,Ativo,Ativo,2020-10-21,Alegria Sul,655678.42,7766248.83399974,122.0,Automático,1967,2018-09-20,2026-08-05,1.0,1.0,RECEBENDO,1,0,False,False,0,0,0,0,90,G00-11PTR005,437.81586298197755,OK,0,Sem sinais automáticos relevantes
0029-INA-153,INA_S_153,INA,Ativo,Ativo,2020-10-21,Alegria Sul,655278.330000009,7766097.48299974,190.0,Automático,2058,2018-09-20,2026-08-05,1.0,1.0,RECEBENDO,1,0,False,False,0,0,0,0,90,G00-11PTR005,760.8194513728895,OK,0,Sem sinais automáticos relevantes
0029-INA-154,INA_S_154,INA,Ativo,Ativo,2020-10-21,Alegria Sul,656003.937000007,7765161.98299973,140.0,Automático,1911,2018-10-10,2026-08-05,1.0,1.0,RECEBENDO,1,0,False,False,0,0,0,0,90,G00-11PTR016,340.5956955919739,OK,0,Sem sinais automáticos relevantes
0029-INA-157,,INA,Tamponado,Tamponado,2021-06-14,Alegria Sul,655305.637000016,7764648.56599946,50.0,Histórico,80,2021-06-12,2022-08-17,1450.0,6.0,FORA DE OPERAÇÃO,0,0,False,False,0,0,0,0,180,G00-11PTR020,472.78774613794354,FORA DE OPERAÇÃO,0,Situação cadastral: Tamponado — fora do QA/QC operacional atual
0029-INA-166,,INA,Ativo,Ativo,,Alegria Sul,655266.042000033,7764530.12299973,116.2,Manual,177,2023-11-07,2026-08-04,2.0,7.0,RECEBENDO,1,0,False,False,0,0,0,0,180,G00-11PTR020,527.2873475244658,OK,0,Sem sinais automáticos relevantes
0029-INA-169,,INA,Descomissionado,Descomissionado,,Alegria Sul,655949.390000012,7764417.09799946,136.6,Histórico,131,2023-12-18,2025-11-24,255.0,6.0,FORA DE OPERAÇÃO,0,0,False,False,0,0,0,0,180,G00-11PTR020,292.8010527615535,FORA DE OPERAÇÃO,0,Situação cadastral: Descomissionado — fora do QA/QC operacional atual
0029-INA-170,,INA,Ativo,Ativo,,Alegria Sul,655640.009000007,7764082.07999973,177.87,Manual,175,2023-12-18,2026-08-04,2.0,7.0,RECEBENDO,1,0,False,False,0,0,0,0,180,G00-11PTR020,589.1730729169265,OK,0,Sem sinais automáticos relevantes
0029-INA-171,,INA,Ativo,Ativo,,Alegria Sul,656059.040000012,7764854.81899973,132.1,Manual,164,2023-12-18,2026-08-05,1.0,7.0,RECEBENDO,1,0,False,False,0,0,0,0,180,G00-11PTR016,112.40640285711838,OK,0,Sem sinais automáticos relevantes
0029-PM-001,INA_PO_S_01,Poco Monitoramento,Ativo,Ativo,2020-10-21,Alegria Sul,655151.710000011,7766949.46999947,110.0,Manual,178,2018-10-09,2026-07-22,15.0,15.0,RECEBENDO,1,0,False,False,0,0,0,0,180,G00-11PTR008,266.05140048665095,OK,0,Sem sinais automáticos relevantes
0029-PM-003,INA_PO_S_03,Poco Monitoramento,Ativo,Ativo,2020-10-21,Alegria Sul,655053.060000007,7766300.76999973,200.0,Manual,180,2018-09-06,2026-07-22,15.0,15.0,RECEBENDO,1,0,False,False,0,0,0,0,180,G00-11PTR008,655.6915592831045,OK,0,Sem sinais automáticos relevantes
0029-PM-004,INA_PO_S_04,Poco Monitoramento,Ativo,Ativo,2020-10-21,Alegria Sul,655665.920000002,7764339.62999973,190.0,Manual,387,2018-08-06,2026-07-28,9.0,7.0,RECEBENDO,12,81,False,False,0,0,0,0,180,G00-11PTR020,334.6091153695693,OK,0,Sem sinais automáticos relevantes
0029-PM-005,INA_PO_S_05,Poco Monitoramento,Ativo,Ativo,2020-10-21,Alegria Sul,655126.480000005,7765904.70999973,149.7,Manual,141,2018-09-06,2026-07-06,31.0,15.0,RECEBENDO,1,0,False,False,0,0,0,0,180,G00-11PTR008,990.6172531862888,OK,0,Sem sinais automáticos relevantes
0029-PM-006,INA_PO_S_06,Poco Monitoramento,Ativo,Ativo,2020-10-21,Alegria Sul,656007.300000005,7765161.26999973,160.0,Manual,325,2018-07-23,2026-07-30,7.0,7.0,RECEBENDO,1,0,False,False,0,0,0,0,180,G00-11PTR016,340.43650884543547,OK,0,Sem sinais automáticos relevantes
0029-PM-007,INA_PO_S_07,Poco Monitoramento,Ativo,Ativo,2020-10-21,Alegria Sul,655953.270000008,7765403.03999973,149.0,Manual,183,2018-07-23,2026-07-20,17.0,15.0,RECEBENDO,1,0,False,False,0,0,0,0,180,G00-11PTR016,577.440664986462,OK,0,Sem sinais automáticos relevantes
0029-PM-008,,Poco Monitoramento,Ativo,Ativo,,Alegria Sul,655733.418000036,7764942.69399893,113.0,Manual,175,2023-12-18,2026-08-04,2.0,7.0,RECEBENDO,2,5,False,False,0,0,0,0,180,G00-11PTR016,246.64236879883302,OK,0,Sem sinais automáticos relevantes
0029-PM-009,,Poco Monitoramento,Ativo,Ativo,,Alegria Sul,655764.590000013,7764641.34799946,121.0,Manual,139,2024-07-31,2026-08-04,2.0,7.0,RECEBENDO,1,0,False,False,0,0,0,0,180,G00-11PTR020,19.248506408351194,OK,0,Sem sinais automáticos relevantes
0029-PM-018,,Poco Monitoramento,Ativo,Ativo,,Alegria Sul,654926.042000009,7764589.84399973,104.0,Manual,21,2025-08-28,2026-07-21,16.0,14.0,RECEBENDO,1,0,False,False,0,0,0,0,180,G00-11PTR020,854.8114761732942,OK,0,Sem sinais automáticos relevantes
0029-PZ-096B,INA_S_96B,Piezometro,Ativo,Ativo,2020-10-21,Alegria Sul,654862.753000009,7764947.44799973,200.0,Automático,1752,2019-02-11,2026-08-05,1.0,1.0,RECEBENDO,1,0,False,False,0,0,0,0,90,G00-11PTR020,961.2693615689095,OK,0,Sem sinais automáticos relevantes
0029-PZ-108,INA_S_108,Piezometro,Ativo,Ativo,2020-10-21,Alegria Sul,654881.971000001,7764558.10799973,200.0,Manual,240,2015-07-21,2026-07-21,16.0,15.0,RECEBENDO,1,0,False,False,0,0,0,0,180,G00-11PTR020,901.6098870572231,OK,0,Sem sinais automáticos relevantes
0029-PZ-166,,Piezometro,Ativo,Ativo,,Alegria Sul,655266.042000024,7764530.12299973,120.36,Manual,186,2023-11-07,2026-08-04,2.0,7.0,RECEBENDO,1,0,False,False,0,0,0,0,180,G00-11PTR020,527.2873475331756,OK,0,Sem sinais automáticos relevantes
0NAT-INA-068,INA_Nat_68,INA,Descomissionado,Descomissionado,2020-10-21,Pilha Natividade,657834.510000012,7762130.60999946,80.0,Histórico,20,2009-07-07,2016-03-23,3788.0,32.0,FORA DE OPERAÇÃO,0,0,False,False,0,0,0,0,180,G00-11PTR020,3255.6186763898845,FORA DE OPERAÇÃO,0,Situação cadastral: Descomissionado — fora do QA/QC operacional atual
1023-PM-014,,Poco Monitoramento,Ativo,Ativo,,Nova Barragem Santarem,662732.797000026,7761973.33899893,40.0,Manual,57,2024-09-23,2026-08-04,2.0,13.5,RECEBENDO,1,0,False,False,0,0,0,0,180,G00-11PTR016,7357.651383925622,OK,0,Sem sinais automáticos relevantes
1024-PM-010,,Poco Monitoramento,Ativo,Ativo,,Barragem Germano,657890.989000023,7764152.3179992,50.5,Manual,55,2023-12-15,2026-07-20,17.0,14.0,RECEBENDO,2,1,False,False,0,0,0,0,180,G00-11PTR016,2053.9790193811987,OK,0,Sem sinais automáticos relevantes
1024-PM-011,,Poco Monitoramento,Ativo,Ativo,,Barragem Germano,660600.290000017,7763790.84099947,101.0,Manual,57,2024-09-26,2026-07-23,14.0,12.5,RECEBENDO,0,0,False,False,0,0,0,0,180,G00-11PTR016,4763.540998453723,OK,0,Sem sinais automáticos relevantes
1024-PM-020,,Poco Monitoramento,Ativo,Ativo,,Barragem Germano,660929.420000018,7763666.23099919,48.7,Manual,18,2026-01-27,2026-07-23,14.0,15.5,RECEBENDO,2,15,False,False,0,0,0,0,180,G00-11PTR016,5112.126229360962,OK,0,Sem sinais automáticos relevantes
1130-INA-006,INA_JM_06,INA,Descomissionado,Descomissionado,2020-10-21,Joao Manoel,655379.480000014,7768942.65999946,39.0,Histórico,11,1998-11-30,2001-01-09,9340.0,42.5,FORA DE OPERAÇÃO,0,0,False,False,0,0,0,0,180,G00-11PTR014,1151.8292434651712,FORA DE OPERAÇÃO,0,Situação cadastral: Descomissionado — fora do QA/QC operacional atual
1130-INA-007,INA_JM_07,INA,Descomissionado,Descomissionado,2020-10-21,Joao Manoel,655414.740000014,7768933.44999946,45.0,Histórico,11,1998-11-30,2000-12-05,9375.0,42.0,FORA DE OPERAÇÃO,0,0,False,False,0,0,0,0,180,G00-11PTR014,1120.6207886011682,FORA DE OPERAÇÃO,0,Situação cadastral: Descomissionado — fora do QA/QC operacional atual
1130-INA-008,INA_JM_08,INA,Descomissionado,Descomissionado,2020-10-21,Joao Manoel,655598.800000008,7768911.65999947,63.3,Histórico,12,1998-11-30,2003-10-08,8338.0,15.0,FORA DE OPERAÇÃO,0,0,False,False,0,0,0,0,180,G00-11PTR014,953.7901567350119,FORA DE OPERAÇÃO,0,Situação cadastral: Descomissionado — fora do QA/QC operacional atual
1130-INA-031,INA_JM_31,INA,Descomissionado,Descomissionado,2020-10-21,Joao Manoel,656100.690000008,7768729.03999947,69.7,Histórico,62,2005-12-05,2011-07-21,5495.0,22.0,FORA DE OPERAÇÃO,0,0,False,False,0,0,0,0,180,G00-11PTR014,656.3032378558474,FORA DE OPERAÇÃO,0,Situação cadastral: Descomissionado — fora do QA/QC operacional atual
1130-INA-032,INA_JM_32,INA,Descomissionado,Descomissionado,2020-10-21,Joao Manoel,656016.220000011,7768732.67999947,87.0,Histórico,51,2005-12-05,2009-02-05,6391.0,21.5,FORA DE OPERAÇÃO,0,0,False,False,0,0,0,0,180,G00-11PTR014,706.5754897594411,FORA DE OPERAÇÃO,0,Situação cadastral: Descomissionado — fora do QA/QC operacional atual
1130-INA-033,INA_JM_33,INA,Descomissionado,Descomissionado,2020-10-21,Joao Manoel,655474.730000009,7768901.66999946,76.45,Histórico,10,2006-01-11,2006-11-14,7205.0,15.0,FORA DE OPERAÇÃO,0,0,False,False,0,0,0,0,180,G00-11PTR014,1073.551544594889,FORA DE OPERAÇÃO,0,Situação cadastral: Descomissionado — fora do QA/QC operacional atual
1130-INA-043,INA_JM_43/INA_JM_43A,INA,Descomissionado,Descomissionado,2020-10-21,Joao Manoel,656829.950000011,7768885.16999947,80.0,Histórico,39,2006-06-22,2009-05-14,6293.0,22.5,FORA DE OPERAÇÃO,0,0,False,False,0,0,0,0,180,G00-11PTR009,203.25116998223112,FORA DE OPERAÇÃO,0,Situação cadastral: Descomissionado — fora do QA/QC operacional atual
1130-INA-057,INA_JM_57,INA,Descomissionado,Descomissionado,2020-10-21,Joao Manoel,656529.380000019,7768858.24999946,80.3,Histórico,23,2007-01-11,2009-04-23,6314.0,20.5,FORA DE OPERAÇÃO,0,0,False,False,0,0,0,0,180,G00-11PTR009,272.0129809449698,FORA DE OPERAÇÃO,0,Situação cadastral: Descomissionado — fora do QA/QC operacional atual
1130-INA-082,INA_JM_82,INA,Descomissionado,Descomissionado,2020-10-21,Joao Manoel,656729.380000009,7768938.69999947,40.0,Histórico,13,2012-02-09,2012-12-20,4977.0,27.0,FORA DE OPERAÇÃO,0,0,False,False,0,0,0,0,180,G00-11PTR009,116.4721739293624,FORA DE OPERAÇÃO,0,Situação cadastral: Descomissionado — fora do QA/QC operacional atual
1130-INA-087,INA_JM_87,INA,Descomissionado,Descomissionado,2020-10-21,Joao Manoel,655871.330000009,7768870.54999946,100.0,Histórico,4,2012-07-24,2012-10-09,5049.0,27.0,FORA DE OPERAÇÃO,0,0,False,False,0,0,0,0,180,G00-11PTR014,728.205018458532,FORA DE OPERAÇÃO,0,Situação cadastral: Descomissionado — fora do QA/QC operacional atual
1130-INA-088,INA_JM_88,INA,Descomissionado,Descomissionado,2020-10-21,Joao Manoel,655659.940000013,7768792.21999946,109.19,Histórico,6,2012-10-09,2012-12-19,4978.0,14.0,FORA DE OPERAÇÃO,0,0,False,False,0,0,0,0,180,G00-11PTR014,949.8871351540021,FORA DE OPERAÇÃO,0,Situação cadastral: Descomissionado — fora do QA/QC operacional atual
1130-INA-089,INA_JM_89,INA,Descomissionado,Descomissionado,2020-10-21,Joao Manoel,655429.300000011,7768925.61999946,78.77,Histórico,5,2012-09-17,2012-12-06,4991.0,18.5,FORA DE OPERAÇÃO,0,0,False,False,0,0,0,0,180,G00-11PTR014,1109.0336161173382,FORA DE OPERAÇÃO,0,Situação cadastral: Descomissionado — fora do QA/QC operacional atual
1130-INA-093,INA_JM_93,INA,Descomissionado,Descomissionado,2020-10-21,Joao Manoel,656382.94000001,7768746.14999947,49.92,Histórico,51,2013-08-05,2017-01-27,3478.0,19.0,FORA DE OPERAÇÃO,0,0,False,False,0,0,0,0,180,G00-11PTR009,455.1481615949033,FORA DE OPERAÇÃO,0,Situação cadastral: Descomissionado — fora do QA/QC operacional atual
1130-INA-105,INA_JM_105,INA,Descomissionado,Descomissionado,2020-10-21,Joao Manoel,655483.540000009,7768938.52999947,,Histórico,20,2016-03-11,2017-01-27,3478.0,15.0,FORA DE OPERAÇÃO,0,0,False,False,0,0,0,0,180,G00-11PTR014,1053.4320169488237,FORA DE OPERAÇÃO,0,Situação cadastral: Descomissionado — fora do QA/QC operacional atual
1130-INA-119,INA_JM_119,INA,Descomissionado,Descomissionado,2020-10-21,Joao Manoel,657096.410000016,7768832.84999947,80.0,Histórico,21,2016-03-22,2017-01-27,3478.0,14.5,FORA DE OPERAÇÃO,0,0,False,False,0,0,0,0,180,G00-11PTR009,438.8887450150787,FORA DE OPERAÇÃO,0,Situação cadastral: Descomissionado — fora do QA/QC operacional atual
1226-INA-058,INA_G_58,INA,Ativo,Ativo,2020-10-21,Cava Germano,657667.985000014,7766094.46999947,192.5,Manual,1506,2008-02-28,2026-07-20,17.0,9.0,RECEBENDO,1,0,False,False,0,0,0,0,180,G00-11PTR005,1983.5436607548647,OK,0,Sem sinais automáticos relevantes
1226-PM-015,,Poco Monitoramento,Ativo,Ativo,,Cava Germano,657327.448000015,7765436.61899947,115.0,Manual,57,2024-09-21,2026-07-20,17.0,13.0,RECEBENDO,1,0,False,False,0,0,0,0,180,G00-11PTR016,1506.4307811196127,OK,0,Sem sinais automáticos relevantes
1226-PM-016,,Poco Monitoramento,Ativo,Ativo,,Cava Germano,657650.63100003,7766429.91499892,40.0,Manual,48,2024-10-09,2026-07-30,7.0,10.0,RECEBENDO,1,0,False,False,0,0,0,0,180,G00-11PTR005,1894.973536163489,OK,0,Sem sinais automáticos relevantes
1226-PM-017,,Poco Monitoramento,Ativo,Ativo,,Cava Germano,657575.967000018,7765950.32999919,100.0,Manual,98,2024-09-21,2026-07-20,17.0,13.0,RECEBENDO,1,0,False,False,0,0,0,0,180,G00-11PTR005,1944.8726934899478,OK,0,Sem sinais automáticos relevantes
1226-PM-019,,Poco Monitoramento,Ativo,Ativo,,Cava Germano,657767.86700001,7766173.87099973,104.0,Manual,17,2025-11-26,2026-07-20,17.0,15.0,RECEBENDO,1,0,False,False,0,0,0,0,180,G00-11PTR005,2058.416782376717,OK,0,Sem sinais automáticos relevantes
1226-PZ-158,PZ-BVP-007,Piezometro,Ativo,Ativo,,Alegria Sul,656689.440000007,7766093.52999973,80.0,Manual,107,2022-03-25,2026-07-23,14.0,15.0,RECEBENDO,2,1,False,False,0,0,0,0,180,G00-11PTR005,1087.219930729616,OK,0,Sem sinais automáticos relevantes
1226-PZ-159,PZ-BVP-008,Piezometro,Destruido,Destruido,,Alegria Sul,656618.280000012,7765922.87999946,100.0,Histórico,101,2022-03-25,2025-10-20,290.0,14.0,FORA DE OPERAÇÃO,0,0,False,False,0,0,0,0,180,G00-11PTR005,1133.4134020737008,FORA DE OPERAÇÃO,0,Situação cadastral: Destruido — fora do QA/QC operacional atual
1331-INA-161,PDER-01,INA,Ativo,Ativo,,Alegria Sul,656251.810000057,7766488.54099814,50.0,Manual,84,2022-09-16,2026-07-22,15.0,15.0,RECEBENDO,1,0,False,False,0,0,0,0,180,G00-11PTR005,515.5457952116619,OK,0,Sem sinais automáticos relevantes
1331-INA-161A,PDER-01,INA,Ativo,Ativo,,Alegria Sul,656251.810000049,7766488.5409984,28.29,Manual,83,2022-09-16,2026-07-22,15.0,15.0,RECEBENDO,1,0,False,False,0,0,0,0,180,G00-11PTR005,515.5457951094096,OK,0,Sem sinais automáticos relevantes
1331-INA-162,PDER-06,INA,Ativo,Ativo,,Alegria Sul,656076.396000039,7766961.38499867,30.0,Manual,83,2022-09-17,2026-07-22,15.0,15.0,RECEBENDO,1,0,False,False,0,0,0,0,180,G00-11PTR005,417.01893847567743,OK,0,Sem sinais automáticos relevantes
1331-INA-163,PDER-09,INA,Ativo,Ativo,,Alegria Sul,656309.108000025,7765809.2189992,51.0,Manual,74,2022-12-22,2026-07-22,15.0,15.0,RECEBENDO,1,0,False,False,0,0,0,0,180,G00-11PTR005,1020.3119544387414,OK,0,Sem sinais automáticos relevantes
1331-INA-163A,PDER-09,INA,Ativo,Ativo,,Alegria Sul,656309.108000016,7765809.21899947,32.75,Manual,74,2022-12-22,2026-07-22,15.0,15.0,RECEBENDO,5,75,False,False,0,0,0,0,180,G00-11PTR005,1020.311954204363,OK,0,Sem sinais automáticos relevantes
1331-INA-164,PDER-07,INA,Ativo,Ativo,,Alegria Sul,656498.505000022,7766913.5479992,20.0,Manual,80,2022-10-18,2026-07-22,15.0,15.0,RECEBENDO,1,0,False,False,0,0,0,0,180,G00-11PTR005,764.3841040606045,OK,0,Sem sinais automáticos relevantes
1331-INA-167,,INA,Ativo,Ativo,,Alegria Sul,656598.816000002,7766673.14599973,100.63,Manual,62,2024-01-05,2026-07-22,15.0,15.0,RECEBENDO,1,0,False,False,0,0,0,0,180,G00-11PTR005,827.0431292463093,OK,0,Sem sinais automáticos relevantes
1331-INA-168,,INA,Destruido,Destruido,,Alegria Sul,656639.610000016,7765418.14499947,114.99,Histórico,48,2024-01-19,2026-01-20,198.0,15.0,FORA DE OPERAÇÃO,0,0,False,False,0,0,0,0,180,G00-11PTR016,908.8347337951067,FORA DE OPERAÇÃO,0,Situação cadastral: Destruido — fora do QA/QC operacional atual
1331-INA-173,,INA,Ativo,Ativo,,Alegria Sul,656593.458000006,7766672.85599973,68.74,Manual,62,2024-01-05,2026-07-22,15.0,15.0,RECEBENDO,1,0,False,False,0,0,0,0,180,G00-11PTR005,821.6864388853953,OK,0,Sem sinais automáticos relevantes
1336-PM-012,,Poco Monitoramento,Ativo,Ativo,,Barragem Germano,658696.587000016,7765913.08899947,110.0,Manual,50,2024-11-13,2026-08-02,4.0,14.0,RECEBENDO,1,0,False,False,0,0,0,0,180,G00-11PTR016,2953.5800410363668,OK,0,Sem sinais automáticos relevantes
1336-PM-013,,Poco Monitoramento,Ativo,Ativo,,Barragem Germano,660740.506000027,7764390.9379992,40.0,Manual,59,2024-09-25,2026-08-02,4.0,13.0,RECEBENDO,1,0,False,False,0,0,0,0,180,G00-11PTR016,4809.691473353655,OK,0,Sem sinais automáticos relevantes
30LI003,INA_JM_116/1130-INA-116,INA,Descomissionado,Descomissionado,2020-10-21,Joao Manoel,655916.540000024,7768808.7499992,114.3,Histórico,20,2016-03-07,2017-01-27,3478.0,15.0,FORA DE OPERAÇÃO,0,0,False,False,0,0,0,0,180,G00-11PTR014,727.0483637591478,FORA DE OPERAÇÃO,0,Situação cadastral: Descomissionado — fora do QA/QC operacional atual
30LI004,INA_JM_117/1130-INA-117,INA,Ativo,Ativo,2020-10-21,Joao Manoel,655483.510000011,7768938.52999947,106.1,Manual,25,2016-03-08,2026-07-02,35.0,16.5,RECEBENDO,0,0,False,False,0,0,0,0,180,G00-11PTR014,1053.4605882846085,OK,0,Sem sinais automáticos relevantes
30LI005,INA_JM_118/1130-INA-118,INA,Ativo,Ativo,2020-10-21,Joao Manoel,656695.120000009,7769027.42999947,30.85,Manual,33,2016-03-22,2026-07-13,24.0,14.0,RECEBENDO,0,0,False,False,0,0,0,0,180,G00-11PTR009,35.28063775350812,OK,0,Sem sinais automáticos relevantes
31LI200,INA_PS_125/0029-INA-125,INA,Ativo,Ativo,2020-10-21,PDER Alegria Sul,656155.599000019,7765811.6609992,7.6,Manual,17,2016-10-20,2026-07-27,10.0,15.0,RECEBENDO,0,0,False,False,0,0,0,0,180,G00-11PTR005,946.2567842697048,OK,0,Sem sinais automáticos relevantes
31LI201,INA_PS_124/0029-INA-124,INA,Ativo,Ativo,2020-10-21,PDER Alegria Sul,656135.329000027,7765783.8569992,16.75,Manual,16,2016-10-20,2026-07-27,10.0,15.0,RECEBENDO,0,0,False,False,0,0,0,0,180,G00-11PTR005,963.9098664321574,OK,0,Sem sinais automáticos relevantes
31LI202,INA_PS_126/0029-INA-126,INA,Ativo,Ativo,2020-10-21,PDER Alegria Sul,656199.431000017,7765775.7209992,18.5,Manual,15,2016-10-20,2026-07-27,10.0,15.5,RECEBENDO,0,0,False,False,0,0,0,0,180,G00-11PTR016,982.1848858316737,OK,0,Sem sinais automáticos relevantes
Cota-NA-Rejeito,,Ponto Monitoramento,Ativo,Ativo,2021-10-07,Alegria Sul,655281.304000082,7764723.91799707,,Automático,1891,2021-05-19,2026-08-05,1.0,1.0,RECEBENDO,0,0,False,False,0,0,0,0,90,G00-11PTR020,501.8660751962442,OK,0,Sem sinais automáticos relevantes
G00-11PTR001,PTR_N_01,Poco Tubular,Tamponado,Tamponado,2020-10-21,Alegria Norte,656508.830000034,7769406.15999894,203.0,Histórico,176,2005-12-27,2021-05-03,1921.0,3.0,FORA DE OPERAÇÃO,0,0,False,False,0,0,0,0,180,G00-11PTR014,148.06049886450614,FORA DE OPERAÇÃO,0,Situação cadastral: Tamponado — fora do QA/QC operacional atual
G00-11PTR002,PTR_N_02,Poco Tubular,Tamponado,Tamponado,2022-07-22,Alegria Norte,656632.940000039,7769448.75999867,200.0,Histórico,1547,2008-02-28,2025-09-01,339.0,1.0,FORA DE OPERAÇÃO,0,0,False,False,0,0,0,0,180,G00-11PTR006,123.56337871949599,FORA DE OPERAÇÃO,0,Situação cadastral: Tamponado — fora do QA/QC operacional atual
G00-11PTR003,PTR_N_03,Poco Tubular,Tamponado,Tamponado,2022-07-22,Alegria Norte,656381.970000035,7769505.20999867,200.0,Histórico,52,2007-03-10,2021-05-03,1921.0,16.0,FORA DE OPERAÇÃO,0,0,False,False,0,0,0,0,180,G00-11PTR014,266.9124424343671,FORA DE OPERAÇÃO,0,Situação cadastral: Tamponado — fora do QA/QC operacional atual
G00-11PTR004,PTR_S_04,Poco Tubular,Tamponado,Tamponado,2020-10-21,Alegria Sul,655774.290000019,7766418.6999992,200.0,Histórico,13,2017-08-02,2018-01-10,3130.0,1.0,FORA DE OPERAÇÃO,0,0,False,False,0,0,0,0,180,G00-11PTR005,257.89221514809634,FORA DE OPERAÇÃO,0,Situação cadastral: Tamponado — fora do QA/QC operacional atual
G00-11PTR005,PTR_S_05,Poco Tubular,Ativo,Ativo,2020-10-21,Alegria Sul,655771.780000012,7766676.57999946,200.0,Automático,2898,2019-06-01,2026-08-05,1.0,1.0,RECEBENDO,1,0,False,False,0,0,0,0,90,G00-11PTR005,0.0,OK,0,Sem sinais automáticos relevantes
G00-11PTR007,PTR_N_07,Poco Tubular,Tamponado,Tamponado,2020-10-21,Alegria Norte,656471.510000011,7769620.56999947,204.0,Histórico,1549,2017-05-02,2025-09-03,337.0,1.0,FORA DE OPERAÇÃO,0,0,False,False,0,0,0,0,180,G00-11PTR006,217.88142043352934,FORA DE OPERAÇÃO,0,Situação cadastral: Tamponado — fora do QA/QC operacional atual
G00-11PTR008,PTR_S_08,Poco Tubular,Ativo,Ativo,2020-10-21,Alegria Sul,655401.000000013,7766856.52999947,200.0,Automático,2514,2019-06-27,2026-08-05,1.0,1.0,RECEBENDO,1,0,False,False,0,0,0,0,90,G00-11PTR008,0.0,OK,0,Sem sinais automáticos relevantes
G00-11PTR013,PTR_N_13,Poco Tubular,Ativo,Ativo,,Alegria Norte,657117.170000041,7769745.28799866,287.0,Automático,848,2023-11-22,2026-08-05,1.0,1.0,RECEBENDO,1,0,False,False,0,0,0,0,90,G00-11PTR013,0.0,OK,0,Sem sinais automáticos relevantes
G00-11PTR015,G00-11PTR015,Poco Tubular,Ativo,Ativo,,Alegria Norte,656631.870000065,7769280.9169976,264.0,Automático,603,2024-09-19,2026-08-05,1.0,1.0,RECEBENDO,1,0,False,False,0,0,0,0,90,G00-11PTR015,0.0,OK,0,Sem sinais automáticos relevantes
G00-11PTR016,G00-11PTR016,Poco Tubular,Ativo,Ativo,,Alegria Sul,655950.49600006,7764825.60599787,304.0,Automático,583,2024-11-09,2026-08-05,1.0,1.0,RECEBENDO,1,0,False,False,0,0,0,0,90,G00-11PTR016,0.0,OK,0,Sem sinais automáticos relevantes
G00-11PTR018,G00-11PTR018,Poco Tubular,Ativo,Ativo,,Alegria Norte,657222.05200005,7769730.05199814,269.5,Automático,450,2025-01-20,2026-08-05,1.0,1.0,RECEBENDO,1,0,False,False,0,0,0,0,90,G00-11PTR018,0.0,OK,0,Sem sinais automáticos relevantes
G00-11PTR019,G00-11PTR019,Poco Tubular,Ativo,Ativo,,Alegria Norte,657272.700000038,7769871.05999866,293.0,Automático,543,2025-01-20,2026-08-05,1.0,1.0,RECEBENDO,1,0,False,False,0,0,0,0,90,G00-11PTR019,0.0,OK,0,Sem sinais automáticos relevantes
PVirtual_ALN_01,PVirtual_ALN_01,INA,Ativo,Ativo,,Alegria Norte,656194.968000024,7769736.0699992,,Histórico,1,2025-12-31,2025-12-31,218.0,,VIRTUAL,0,0,False,False,0,30,0,0,180,G00-11PTR006,516.5836511556113,NÃO AVALIADO,0,Ponto virtual do modelo — fora do QA/QC de instrumentação
