instrumento,data,cota_na_m,evento,magnitude_aprox_m
CTHTLCEPZ003,2020-05-12,1208.803,Outlier pontual forte,4.630000000000109
CTHTLCEPZ004,2020-05-12,1270.08,Outlier pontual forte,6.289999999999964
0027-INA-018,2021-01-25,922.743,Outlier pontual forte,6.2999999999999545
0027-INA-018,2026-02-25,925.006154583333,Outlier pontual forte,5.351634458333024
0027-INA-020,2015-08-04,949.715,Outlier pontual forte,3.0499999999999545
0029-INA-024,2017-06-13,908.289,Outlier pontual forte,38.710000000000036
1226-INA-029,2015-06-25,986.607,Outlier pontual forte,3.75
1226-INA-029,2015-07-02,982.977,Outlier pontual forte,7.310000000000059
1226-INA-029,2015-07-08,993.1220000000001,Outlier pontual forte,2.8050000000000637
1226-INA-029,2015-07-16,982.997,Outlier pontual forte,7.389999999999986
1226-INA-029,2015-07-18,986.767,Outlier pontual forte,3.6299999999999955
1226-INA-029,2015-08-04,980.312,Outlier pontual forte,10.105000000000018
1226-INA-029,2015-08-27,983.107,Outlier pontual forte,3.7000000000000455
1226-INA-029,2015-11-12,1020.057,Outlier pontual forte,36.89999999999998
1226-INA-029,2015-12-02,976.777,Outlier pontual forte,6.569999999999936
1226-INA-029,2016-02-17,970.207,Outlier pontual forte,14.610000000000014
1226-INA-029,2016-02-29,982.047,Outlier pontual forte,4.189999999999941
1226-INA-029,2016-04-13,970.247,Outlier pontual forte,16.139999999999986
1226-INA-029,2016-05-17,970.247,Outlier pontual forte,16.100000000000023
1226-INA-029,2016-05-18,986.277,Outlier pontual forte,16.030000000000086
1226-INA-029,2016-05-19,970.247,Outlier pontual forte,16.030000000000086
1226-INA-029,2016-07-12,970.247,Outlier pontual forte,15.850000000000023
1226-INA-029,2016-09-27,970.247,Outlier pontual forte,15.420000000000073
1226-INA-029,2017-01-02,970.247,Outlier pontual forte,14.940000000000055
1226-INA-029,2017-02-02,970.247,Outlier pontual forte,14.509999999999991
1226-INA-029,2017-04-06,977.757,Outlier pontual forte,6.660000000000082
1226-INA-029,2017-05-05,970.247,Outlier pontual forte,13.770000000000095
1226-INA-029,2017-07-04,970.247,Outlier pontual forte,13.31000000000006
1226-INA-029,2017-09-01,970.247,Outlier pontual forte,12.800000000000068
1226-INA-029,2017-10-18,970.247,Outlier pontual forte,12.330000000000041
1226-INA-029,2017-12-15,970.247,Outlier pontual forte,11.759999999999991
1226-INA-029,2018-01-10,975.977,Outlier pontual forte,5.7450000000000045
1226-INA-029,2018-01-24,970.247,Outlier pontual forte,11.330000000000041
1226-INA-029,2018-02-07,970.247,Outlier pontual forte,11.410000000000082
1226-INA-029,2018-02-23,970.247,Outlier pontual forte,11.264999999999986
1226-INA-029,2018-02-27,997.477,Outlier pontual forte,16.090000000000032
1226-INA-029,2018-03-07,970.247,Outlier pontual forte,11.139999999999986
1226-INA-029,2018-05-28,970.247,Outlier pontual forte,10.230000000000018
1226-INA-029,2018-05-29,980.327,Outlier pontual forte,10.080000000000041
1226-INA-029,2018-06-09,970.247,Outlier pontual forte,10.080000000000041
1226-INA-029,2018-09-16,969.197,Outlier pontual forte,9.090000000000032
1226-INA-029,2018-09-17,978.207,Outlier pontual forte,9.009999999999991
1226-INA-029,2018-09-18,969.197,Outlier pontual forte,9.009999999999991
1226-INA-029,2018-10-26,969.197,Outlier pontual forte,8.799999999999955
1226-INA-029,2018-11-23,969.197,Outlier pontual forte,11.039999999999964
1226-INA-029,2018-12-15,969.197,Outlier pontual forte,12.240000000000009
1226-INA-029,2019-03-02,976.837,Outlier pontual forte,7.6200000000000045
1226-INA-029,2019-03-19,969.197,Outlier pontual forte,16.039999999999964
1226-INA-029,2019-05-15,969.197,Outlier pontual forte,15.720000000000027
1226-INA-029,2019-09-30,969.197,Outlier pontual forte,14.139999999999986
1226-INA-029,2019-11-14,969.197,Outlier pontual forte,15.769999999999982
1226-INA-029,2020-01-29,969.197,Outlier pontual forte,22.470000000000027
1226-INA-029,2020-02-18,969.197,Outlier pontual forte,22.470000000000027
1226-INA-029,2020-05-08,969.197,Outlier pontual forte,22.470000000000027
1226-INA-029,2020-06-09,986.372,Outlier pontual forte,14.175000000000068
1226-INA-029,2021-05-14,980.563923076923,Outlier pontual forte,24.778410256407028
1226-INA-029,2026-05-14,991.296306632211,Outlier pontual forte,3.535539445913969
1226-INA-030,2015-07-05,986.767,Outlier pontual forte,21.8900000000001
1226-INA-030,2015-08-04,949.227,Outlier pontual forte,22.620000000000005
1226-INA-030,2015-11-12,983.9970000000001,Outlier pontual forte,9.450000000000045
1226-INA-030,2016-02-17,949.227,Outlier pontual forte,25.33000000000004
1226-INA-030,2016-02-25,974.267,Outlier pontual forte,25.040000000000077
1226-INA-030,2016-02-29,952.967,Outlier pontual forte,22.700000000000045
1226-INA-030,2016-04-13,960.187,Outlier pontual forte,15.379999999999995
1226-INA-030,2016-05-17,960.187,Outlier pontual forte,14.669999999999959
1226-INA-030,2016-05-18,974.337,Outlier pontual forte,14.149999999999977
1226-INA-030,2016-05-19,960.187,Outlier pontual forte,14.149999999999977
1226-INA-030,2016-06-03,967.017,Outlier pontual forte,6.849999999999909
1226-INA-030,2016-07-12,960.187,Outlier pontual forte,12.629999999999995
1226-INA-030,2016-09-27,960.187,Outlier pontual forte,10.75
1226-INA-030,2017-01-02,960.187,Outlier pontual forte,10.259999999999991
1226-INA-030,2017-02-02,960.187,Outlier pontual forte,10.199999999999932
1226-INA-030,2017-05-05,960.187,Outlier pontual forte,9.970000000000027
1226-INA-030,2017-06-17,960.187,Outlier pontual forte,9.830000000000041
1226-INA-030,2017-06-30,960.187,Outlier pontual forte,9.710000000000036
1226-INA-030,2017-09-01,960.187,Outlier pontual forte,9.590000000000032
1226-INA-030,2017-10-18,960.187,Outlier pontual forte,9.449999999999932
1226-INA-030,2017-12-15,960.187,Outlier pontual forte,9.25
1226-INA-030,2018-01-13,960.187,Outlier pontual forte,9.169999999999959
1226-INA-030,2018-02-28,960.187,Outlier pontual forte,9.009999999999991
1226-INA-030,2018-03-06,969.167,Outlier pontual forte,8.980000000000018
1226-INA-030,2018-03-07,960.187,Outlier pontual forte,9.009999999999991
1226-INA-030,2018-03-23,960.187,Outlier pontual forte,8.990000000000009
1226-INA-030,2018-03-26,969.147,Outlier pontual forte,8.960000000000036
1226-INA-030,2018-04-03,960.187,Outlier pontual forte,8.960000000000036
1226-INA-030,2018-04-24,960.187,Outlier pontual forte,8.909999999999968
1226-INA-030,2018-05-28,960.187,Outlier pontual forte,8.850000000000023
1226-INA-030,2018-05-29,969.027,Outlier pontual forte,8.840000000000032
1226-INA-030,2018-06-04,960.187,Outlier pontual forte,8.850000000000023
1226-INA-030,2018-09-16,959.217,Outlier pontual forte,8.649999999999977
1226-INA-030,2018-09-17,967.857,Outlier pontual forte,8.639999999999986
1226-INA-030,2018-09-18,959.217,Outlier pontual forte,8.710000000000036
1226-INA-030,2018-10-26,959.217,Outlier pontual forte,8.659999999999968
1226-INA-030,2018-12-11,959.217,Outlier pontual forte,12.190000000000055
1226-INA-030,2019-03-02,959.217,Outlier pontual forte,14.634999999999991
1226-INA-030,2019-03-19,959.217,Outlier pontual forte,15.700000000000045
1226-INA-030,2019-05-15,959.217,Outlier pontual forte,16.149999999999977
1226-INA-030,2019-06-18,959.217,Outlier pontual forte,16.129999999999995
1226-INA-030,2019-09-30,959.217,Outlier pontual forte,16.33000000000004
1226-INA-030,2019-11-14,959.217,Outlier pontual forte,17.970000000000027
1226-INA-030,2020-02-18,959.217,Outlier pontual forte,7.360000000000014
1226-INA-030,2020-04-10,959.217,Outlier pontual forte,7.360000000000014
1226-INA-030,2020-05-08,959.217,Outlier pontual forte,7.3700000000000045
1226-INA-030,2021-05-14,951.586230769231,Outlier pontual forte,2.241769230769023
1226-INA-030,2026-05-14,939.506808146635,Outlier pontual forte,8.981431536851005
0029-INA-035,2014-12-13,948.527,Outlier pontual forte,3.800000000000068
0029-INA-035,2015-01-27,947.037,Outlier pontual forte,2.3899999999999864
0029-INA-035,2015-02-09,949.757,Outlier pontual forte,4.839999999999918
0029-INA-035,2015-04-09,937.697,Outlier pontual forte,5.840000000000032
0029-INA-035,2015-05-30,946.777,Outlier pontual forte,2.82000000000005
0029-INA-048,2018-09-19,943.939,Outlier pontual forte,6.940000000000055
0027-INA-051B,2025-02-24,917.345741833333,Outlier pontual forte,2.804001416665983
0027-INA-054,2019-02-13,937.376,Outlier pontual forte,2.82000000000005
0027-INA-054,2019-02-19,940.056,Outlier pontual forte,2.6800000000000637
0027-INA-054,2021-01-25,929.926,Outlier pontual forte,3.659999999999968
0027-INA-055,2021-01-25,937.521,Outlier pontual forte,2.259999999999991
30LI009,2009-07-10,1014.282,Outlier pontual forte,3.0499999999999545
30LI009,2009-08-21,1017.332,Outlier pontual forte,3.509999999999991
30LI009,2010-05-31,1016.412,Outlier pontual forte,3.2800000000000864
30LI009,2012-11-09,1003.582,Outlier pontual forte,2.8999999999999773
30LI011,2013-03-05,1011.317,Outlier pontual forte,5.970000000000027
0029-INA-070,2018-02-26,941.008,Outlier pontual forte,3.7900000000000773
0027-INA-073,2024-04-17,913.225,Outlier pontual forte,4.480000000000018
0027-INA-085,2022-05-16,918.65699125,Outlier pontual forte,4.595055291666995
0027-INA-085,2023-02-19,924.15438625,Outlier pontual forte,2.220236249999971
0027-INA-085,2025-04-28,911.403579458333,Outlier pontual forte,2.120537874999968
0027-INA-085,2025-06-05,912.718879291667,Outlier pontual forte,3.6827202416669707
0027-INA-085,2025-10-07,912.617045583333,Outlier pontual forte,4.296484791665989
0027-INA-085,2025-11-22,910.151229,Outlier pontual forte,2.3287592916669837
0027-INA-085,2025-12-17,910.35687025,Outlier pontual forte,3.461200708333081
0027-INA-085,2025-12-23,912.553751541667,Outlier pontual forte,3.9809685000000172
0027-INA-085,2026-01-22,913.969591416667,Outlier pontual forte,4.062587333333909
0027-INA-085,2026-02-26,911.23813175,Outlier pontual forte,4.37398625000003
0027-INA-085,2026-03-14,912.205001416667,Outlier pontual forte,3.3475624166669604
0027-INA-085,2026-03-19,914.240814666667,Outlier pontual forte,5.577451333334011
0027-INA-085,2026-04-09,910.88090325,Outlier pontual forte,3.2313222499999483
0027-INA-085,2026-04-23,910.098947791667,Outlier pontual forte,2.4268917916659802
0027-INA-085,2026-04-30,913.3894179375,Outlier pontual forte,5.01866972697394
0027-INA-085,2026-05-07,910.220378842105,Outlier pontual forte,3.178188592105016
0027-INA-085,2026-05-09,915.369431111111,Outlier pontual forte,7.565656444444016
0027-INA-085,2026-05-15,905.042,Outlier pontual forte,10.141531874999941
30LI013,2014-08-27,923.846,Outlier pontual forte,2.42999999999995
0029-INA-102,2022-10-30,963.394021276596,Outlier pontual forte,2.8044370567369015
0029-INA-133,2019-02-13,920.23,Outlier pontual forte,2.8500000000000227
0029-INA-133,2019-08-05,922.67,Outlier pontual forte,3.92999999999995
0027-INA-135,2020-12-08,928.707,Outlier pontual forte,13.590000000000032
0027-INA-135,2021-05-01,913.267968375,Outlier pontual forte,2.791536041666973
0027-INA-135,2022-01-20,911.3274025,Outlier pontual forte,3.4039977916669386
0027-INA-135,2022-03-14,909.406313208333,Outlier pontual forte,4.580095958334027
0027-INA-135,2022-03-17,908.777245708333,Outlier pontual forte,5.24391179166696
0027-INA-135,2022-03-18,914.0211575,Outlier pontual forte,5.24391179166696
0027-INA-135,2024-11-01,913.552109166667,Outlier pontual forte,2.709066249999978
0027-INA-135,2025-01-23,913.768885416667,Outlier pontual forte,2.2181108333339807
0027-INA-135,2025-02-24,916.046762916667,Outlier pontual forte,2.7274112500000456
0027-INA-135,2025-03-18,912.0168825,Outlier pontual forte,2.3686979166669744
0027-INA-135,2025-06-05,911.555571666667,Outlier pontual forte,3.801536416666977
0027-INA-135,2025-08-05,910.675442791667,Outlier pontual forte,3.613857166667003
0027-INA-135,2025-09-10,912.26312375,Outlier pontual forte,2.706987166666977
0027-INA-135,2025-10-06,908.523550791667,Outlier pontual forte,2.657775458332935
0027-INA-135,2026-04-01,912.780344583333,Outlier pontual forte,3.434917083332948
0027-INA-135,2026-04-13,913.445178333333,Outlier pontual forte,3.3024254166660967
0027-INA-136,2020-06-03,931.747,Outlier pontual forte,6.0
0027-INA-136,2020-12-08,928.787,Outlier pontual forte,7.080000000000041
0029-INA-142,2019-06-19,942.278,Outlier pontual forte,3.080000000000041
0028-INA-144,2024-07-19,943.161302,Outlier pontual forte,8.72522600000002
0029-INA-151,2020-03-03,953.275,Outlier pontual forte,3.3899999999999864
0029-INA-152,2020-09-18,940.021,Outlier pontual forte,12.150000000000091
0029-INA-172,2026-07-03,972.526,Outlier pontual forte,5.189999999999941
0029-INA-174,2026-07-03,982.52,Outlier pontual forte,6.32000000000005
0029-PM-009,2024-12-23,988.691,Outlier pontual forte,7.8799999999999955
1226-PM-016,2025-07-10,934.445,Outlier pontual forte,8.68999999999994
PVirtual_ALN_01,2026-12-31,936.0,Data futura,
PVirtual_ALN_01,2027-12-31,920.0,Data futura,
PVirtual_ALN_01,2028-12-31,909.0,Data futura,
PVirtual_ALN_01,2029-12-31,895.0,Data futura,
PVirtual_ALN_01,2030-12-31,895.0,Data futura,
PVirtual_ALN_01,2031-12-31,886.0,Data futura,
PVirtual_ALN_01,2032-12-31,879.0,Data futura,
PVirtual_ALN_01,2033-12-31,872.0,Data futura,
PVirtual_ALN_01,2034-12-31,867.0,Data futura,
PVirtual_ALN_01,2035-12-31,862.0,Data futura,
PVirtual_ALN_01,2036-12-31,853.0,Data futura,
PVirtual_ALN_01,2037-12-31,847.0,Data futura,
PVirtual_ALN_01,2038-12-31,837.0,Data futura,
PVirtual_ALN_01,2039-12-31,831.0,Data futura,
PVirtual_ALN_01,2040-12-31,827.0,Data futura,
PVirtual_ALN_01,2041-12-31,822.0,Data futura,
PVirtual_ALN_01,2042-12-31,817.0,Data futura,
PVirtual_ALN_01,2043-12-31,813.0,Data futura,
PVirtual_ALN_01,2044-12-13,805.0,Data futura,
PVirtual_ALN_01,2045-12-31,799.0,Data futura,
PVirtual_ALN_01,2046-12-31,793.0,Data futura,
PVirtual_ALN_01,2047-12-31,790.0,Data futura,
PVirtual_ALN_01,2048-12-31,786.0,Data futura,
PVirtual_ALN_01,2049-12-31,782.0,Data futura,
PVirtual_ALN_01,2050-12-31,779.0,Data futura,
PVirtual_ALN_01,2051-12-31,779.0,Data futura,
PVirtual_ALN_01,2052-12-31,778.0,Data futura,
PVirtual_ALN_01,2053-12-31,777.0,Data futura,
PVirtual_ALN_01,2054-12-31,775.0,Data futura,
PVirtual_ALN_01,2055-12-31,754.0,Data futura,
