inst_id,x,y,localidade,tipo,anos,n,taxa,p,significativo,bombeamento
G00-11PTR007,656471.510000011,7769620.56999947,Alegria Norte,Poco Tubular,8.3,1476,-8.757058275678565,2.5529137554611497e-17,True,True
0027-INA-073,657245.45400001,7769759.35199973,Alegria Norte,INA,9.9,232,-4.253893504531742,5.980270900766689e-36,True,False
0027-INA-076,656826.435000005,7769660.62299973,Alegria Norte,INA,9.9,158,-3.147008516678492,1.3221048465331127e-30,True,False
0027-INA-113,656482.158000007,7769617.84999974,Alegria Norte,INA,9.9,272,-2.967065358067288,5.376838788396065e-35,True,False
1226-INA-030,657370.433000011,7765483.30999973,Cava Germano,INA,10.0,2008,-2.239463793337985,8.600911388871e-18,True,False
0027-INA-135,656702.40500001,7769021.24099973,Alegria Norte,INA,9.1,1790,-2.11136820019041,6.952054355092466e-05,True,False
0027-INA-021B,656460.080000004,7769379.84599973,Alegria Norte,INA,10.0,1909,-1.836880296875647,3.528874723618482e-09,True,False
0027-INA-055,656324.641000002,7769439.76899973,Alegria Norte,INA,10.0,1940,-1.8180555187092382,9.274455980405599e-11,True,False
0027-INA-051B,656662.371000009,7769297.70299973,Alegria Norte,INA,10.0,1511,-1.728111000847615,2.3425569850079194e-08,True,False
0027-INA-020,656536.628000008,7769414.00099974,Alegria Norte,INA,10.0,1961,-1.4993944118319624,9.209231763363371e-07,True,False
0027-INA-085,656900.927000003,7769255.63699973,Alegria Norte,INA,10.0,1527,-1.4563732193084429,1.5882516264539165e-08,True,False
0027-INA-054,656354.42300001,7769471.13199973,Alegria Norte,INA,9.3,1595,-1.4463890372033743,1.1551747366375403e-07,True,False
0028-INA-041,655738.266000006,7768529.16699973,Alegria Centro,INA,10.0,1750,-1.3985426249297306,3.615040555449768e-40,True,False
G00-11PTR008,655401.000000013,7766856.52999947,Alegria Sul,Poco Tubular,9.2,2418,-1.3476844879518322,0.11810665412377283,False,True
0027-INA-034,656064.298000003,7769131.62099973,Alegria Norte,INA,9.6,1778,-1.233965882763346,8.258492055862082e-06,True,False
0027-INA-018,656565.264,7769443.61999974,Alegria Norte,INA,10.0,1964,-1.2142145335390162,2.0728863330065266e-05,True,False
0027-INA-136,656702.40500001,7769021.24099973,Alegria Norte,INA,9.1,1963,-1.1851258394581614,2.934550320758918e-06,True,False
0027-INA-107,657117.26900001,7770146.74199974,Alegria Norte,INA,10.0,1790,-1.1559629843750798,5.1775748135477764e-08,True,False
0027-INA-022,656464.870000015,7769450.95599946,Alegria Norte,INA,9.1,1766,-0.9990873200208413,0.001300238339692936,True,False
0027-INA-052,655228.853000002,7769362.58799973,Alegria Norte,INA,10.0,1809,-0.8193073987732536,2.5464882647497817e-21,True,False
1226-INA-029,657373.281000003,7765484.68999973,Cava Germano,INA,10.0,1916,-0.6303432812946476,0.4217805445179446,False,False
0027-INA-115,656280.378,7770252.23699973,Alegria Norte,INA,9.8,219,-0.5779901664145254,1.0121925740856191e-22,True,False
0027-INA-042,657158.759000032,7768982.71499894,Alegria Norte,INA,9.9,1363,-0.13336360904729702,1.0748354280850097e-05,True,False
0029-INA-133,656076.604000021,7767422.7349992,Alegria Sul,INA,9.2,1973,-0.09693596576195777,0.46319830790081135,False,False
0029-INA-102,655959.337000003,7765391.86899973,Alegria Sul,INA,9.9,1562,-0.03135203533064821,0.3444537141708199,False,False
0029-INA-109,654780.060000008,7765009.88899973,Alegria Sul,INA,9.8,58,-0.019409971866190534,0.03107624531752879,True,False
0029-INA-110,654834.343000001,7765244.48799973,Alegria Sul,INA,9.8,82,-0.019123036649197272,0.007047375458547,True,False
G00-11PTR009,656717.650000015,7769054.57999947,Alegria Norte,Poco Tubular,8.1,894,0.0,0.2279372991097776,False,True
G00-11PTR011,657019.870000018,7769531.24999947,Alegria Norte,Poco Tubular,8.1,927,0.0,0.1591523660563691,False,True
G00-11PTR012,656726.800000018,7769323.81999947,Alegria Norte,Poco Tubular,8.2,950,0.0,0.293159767941385,False,True
G00-11PTR010,656911.520000008,7769278.80999947,Alegria Norte,Poco Tubular,8.2,996,0.0,0.7985963425290267,False,True
0029-INA-134,655963.152000024,7767293.2089992,Alegria Sul,INA,9.2,1859,0.0064333098772531155,0.8362869326367369,False,False
0029-INA-111,654834.343000001,7765244.48799973,Alegria Sul,INA,9.8,79,0.007258545310009297,7.677613854015082e-10,True,False
0029-INA-132,656275.16300002,7767688.41699921,Alegria Sul,INA,9.2,1803,0.01015958904778229,0.917706926736016,False,False
0029-INA-036,655777.52200001,7767304.92999973,Alegria Sul,INA,10.0,2059,0.04003956152501114,0.36322397114212635,False,False
0029-INA-127,656070.505000007,7765969.43899973,Alegria Sul,INA,9.8,226,0.11794400549639983,0.005487531768162743,True,False
0028-INA-086,654798.060000003,7767560.48699973,Alegria Centro,INA,10.0,1608,0.14692578827637334,1.2284251651305573e-06,True,False
0028-INA-060,655003.953000007,7767257.99399973,Alegria Centro,INA,10.0,1511,0.24414191324594509,5.542802186616195e-09,True,False
0029-INA-103,655936.356000009,7765431.60299973,Alegria Sul,INA,10.0,1992,0.2674285994295968,8.508698944072389e-07,True,False
0029-INA-035,655305.527000005,7767145.94099972,Alegria Sul,INA,10.0,1883,0.2885512387948187,3.641159388021239e-09,True,False
0029-INA-097,655652.949000006,7764342.33099973,Alegria Sul,INA,10.0,1700,0.3163328868829706,0.017727841717289264,True,False
0029-INA-154,656003.937000007,7765161.98299973,Alegria Sul,INA,8.0,1693,0.3295361085830545,4.895121053228374e-05,True,False
0029-INA-142,655616.825000004,7766933.20799974,Alegria Sul,INA,8.1,1872,0.36987951306129635,1.8758263876898396e-09,True,False
0028-INA-059,654905.492000006,7767858.84899974,Alegria Centro,INA,9.9,162,0.41429337829552926,5.183812479617317e-23,True,False
0029-INA-153,655278.330000009,7766097.48299974,Alegria Sul,INA,8.0,2043,0.4265664391225865,2.1019549823643728e-15,True,False
0029-INA-048,656006.879000007,7765823.72199973,Alegria Sul,INA,10.0,1637,0.44679730228881753,1.9379576687949226e-12,True,False
0029-INA-141,655244.979000001,7766703.14499973,Alegria Sul,INA,8.1,1977,0.45012616058048915,7.363849161712726e-16,True,False
0029-INA-140,655316.490000006,7767092.22199973,Alegria Sul,INA,8.0,1662,0.4755842204199768,1.8395720185064455e-14,True,False
0029-INA-120,655034.421000013,7765849.25899946,Alegria Sul,INA,9.9,1464,0.4886863764260459,9.117920183951917e-24,True,False
0029-INA-100,655470.222000008,7767110.50499973,Alegria Sul,INA,10.0,1718,0.5477264938239906,4.530512478781341e-09,True,False
0029-INA-078,655187.636999999,7767051.87099973,Alegria Sul,INA,10.0,1797,0.5647688077808353,1.677435553988399e-09,True,False
0029-INA-151,655283.894000008,7766476.40899974,Alegria Sul,INA,8.1,1799,0.586287710336599,2.4146216857120966e-20,True,False
0029-INA-024,655864.560000003,7766037.53599973,Alegria Sul,INA,10.0,1886,0.6044423340575739,1.1112382556839503e-20,True,False
0029-INA-138,655468.243000007,7766566.05399973,Alegria Sul,INA,8.1,1531,0.6558015087195481,4.427679129828269e-15,True,False
0029-INA-152,655678.42,7766248.83399974,Alegria Sul,INA,8.1,1873,0.716739856039427,3.3836237263649356e-20,True,False
0029-INA-084,655548.507000009,7766744.74099973,Alegria Sul,INA,10.0,1922,0.7601337788652646,5.73473479712709e-20,True,False
0029-INA-070,655773.482000007,7766509.34999973,Alegria Sul,INA,10.0,1879,0.8059724498156323,1.3844358827286064e-15,True,False
0029-INA-146,655219.687000004,7766958.88399973,Alegria Sul,INA,8.0,1747,0.8888833953742624,3.5202942191078506e-11,True,False
1226-INA-058,657667.985000014,7766094.46999947,Cava Germano,INA,9.9,1178,1.0019948307085038,3.593770945583791e-08,True,False
0029-INA-101,655470.222000008,7767110.50499973,Alegria Sul,INA,9.9,219,1.0181612090680254,5.807713139002124e-24,True,False
0029-INA-149,655199.58400001,7766905.47399973,Alegria Sul,INA,8.0,1728,1.1814135083173791,1.009095948658915e-12,True,False
0029-INA-104,655983.568000008,7765329.16199973,Alegria Sul,INA,9.9,1774,1.2594115360155351,1.3196747996075693e-34,True,False
0029-INA-128,656070.505000007,7765969.43899973,Alegria Sul,INA,9.8,223,1.3002819237147705,1.4014317232051934e-21,True,False
0029-INA-112,655061.832000003,7765624.30299973,Alegria Sul,INA,9.9,169,1.8112865782286436,5.503260618623504e-13,True,False
0029-PZ-108,654881.971000001,7764558.10799973,Alegria Sul,Piezometro,9.8,214,1.9585869565217315,8.251042065542226e-23,True,False
G00-11PTR005,655771.780000012,7766676.57999946,Alegria Sul,Poco Tubular,9.2,2821,5.248896883816819,8.658636500550184e-09,True,True
G00-11PTR006,656681.480000031,7769562.38999894,Alegria Norte,Poco Tubular,9.0,1743,7.643871974030267,3.2336148771061723e-13,True,True
